codigo_region,region,codigo_comuna,comuna,Poblacion,3/15/2020,3/16/2020,3/17/2020,3/18/2020,3/19/2020,3/20/2020,3/21/2020,3/22/2020,3/23/2020,3/24/2020,3/25/2020,3/26/2020,3/27/2020,3/28/2020,3/29/2020,3/30/2020,3/31/2020,4/1/2020,4/2/2020,4/3/2020,4/4/2020,4/5/2020,4/6/2020,4/7/2020,4/8/2020,4/9/2020,4/10/2020,4/11/2020,4/12/2020,4/13/2020,4/14/2020,4/15/2020,4/16/2020,4/17/2020,4/18/2020,4/19/2020,4/20/2020,4/21/2020,4/22/2020,4/23/2020,4/24/2020,4/25/2020,4/26/2020,4/27/2020,4/28/2020,4/29/2020,4/30/2020,5/1/2020,5/2/2020,5/3/2020,5/4/2020,5/5/2020,5/6/2020,5/7/2020,5/8/2020,5/9/2020,5/10/2020,5/11/2020,5/12/2020,5/13/2020,5/14/2020,5/15/2020,5/16/2020,5/17/2020,5/18/2020,5/19/2020,5/20/2020,5/21/2020,5/22/2020
1,Tarapacá,1101,Iquique,223463,0,0,0,0,0,0,0,0,1,3,3,3,3,3,4,5,9,9,10,10,12,13,13,14,16,17,18,19,23,26,26,26,28,31,33,35,36,42,47,55,58,63,70,75,77,83,89,90,94,114,122,144,158,220,253,269,291,308,326,347,385,440,481,560,610,642,660,724,812
1,Tarapacá,1107,Alto Hospicio,129999,0,0,0,0,0,0,0,0,0,0,0,0,0,0,0,0,0,1,2,3,4,5,5,5,6,7,10,11,13,14,15,15,15,16,20,25,27,30,33,37,39,44,51,55,58,67,76,77,83,116,128,133,136,152,161,169,180,188,200,214,239,276,301,349,379,399,410,450,504
1,Tarapacá,1401,Pozo Almonte,17395,0,0,0,0,0,0,0,0,0,0,0,0,0,0,0,0,0,0,0,0,0,0,2,2,2,2,2,2,2,2,2,2,2,2,2,2,2,2,2,2,2,2,2,2,2,2,2,2,2,3,3,3,3,4,4,4,5,5,5,5,6,7,8,9,10,12,13,16,20
1,Tarapacá,1402,Camiña,1375,0,0,0,0,0,0,0,0,0,0,0,0,0,0,0,0,0,0,0,0,0,0,0,0,0,0,0,0,0,0,0,0,0,0,0,0,0,0,0,0,0,0,0,0,0,0,0,0,0,0,0,0,0,0,0,0,0,0,0,0,0,0,0,0,0,0,0,0,0
1,Tarapacá,1403,Colchane,1583,0,0,0,0,0,0,0,0,0,0,0,0,0,0,0,0,0,0,0,0,0,0,0,0,0,0,0,0,0,0,0,0,0,0,0,0,0,0,0,0,0,0,0,0,0,0,0,0,0,0,0,0,0,0,0,0,0,0,0,0,0,0,0,0,0,0,0,0,0
1,Tarapacá,1404,Huara,3000,0,0,0,0,0,0,0,0,0,0,0,0,0,0,0,0,0,0,0,0,0,0,0,0,0,0,0,0,0,0,0,0,0,0,0,0,0,0,0,0,0,0,0,0,0,0,0,0,0,2,3,3,3,5,6,7,8,9,10,11,12,13,13,14,15,15,15,16,18
1,Tarapacá,1405,Pica,5958,0,0,0,0,0,0,0,0,0,0,0,0,0,0,0,0,0,0,0,0,0,0,1,1,2,3,5,6,8,10,19,19,21,24,26,28,28,29,30,31,31,31,31,31,31,31,31,31,31,31,31,32,32,34,35,36,37,37,37,37,37,37,37,38,39,39,39,39,37
2,Antofagasta,2101,Antofagasta,425725,2,2,2,2,2,5,8,9,9,11,16,17,17,21,22,29,29,32,38,44,45,48,54,55,60,70,82,86,99,106,110,122,133,145,156,173,184,205,231,242,261,273,297,303,317,336,354,378,431,467,479,517,550,580,601,616,635,658,713,776,812,843,902,948,998,1031,1078,1104,1140
2,Antofagasta,2102,Mejillones,14776,0,0,0,0,0,0,0,0,0,0,0,0,0,0,0,0,0,0,0,0,0,0,1,1,2,4,6,7,10,12,12,14,16,19,21,25,27,31,37,39,43,49,62,65,67,70,73,77,103,120,126,129,131,133,134,138,144,150,157,165,170,174,180,185,191,199,211,217,226
2,Antofagasta,2103,Sierra Gorda,1746,0,0,0,0,0,0,0,0,0,0,0,0,0,0,0,0,0,0,0,0,0,0,0,0,0,0,0,0,0,0,0,0,0,0,0,0,0,0,0,0,0,0,0,0,0,0,0,0,0,0,0,1,1,2,2,2,2,2,3,5,6,7,8,8,9,9,10,10,11
2,Antofagasta,2104,Taltal,13657,0,0,0,0,0,0,0,0,0,0,0,0,0,0,0,0,0,0,0,0,0,0,0,0,1,2,3,3,3,3,4,7,7,7,7,7,7,7,7,7,7,7,7,7,7,7,7,7,8,8,8,8,8,8,8,8,8,9,11,13,15,16,16,16,17,18,20,21,23
2,Antofagasta,2201,Calama,190336,0,0,0,0,0,0,0,0,0,0,0,0,0,0,0,0,0,3,4,5,5,6,7,7,8,10,13,14,18,20,20,21,21,21,22,24,25,28,31,32,35,40,51,54,57,61,65,71,78,83,84,90,95,99,102,105,109,114,130,148,159,168,185,198,213,223,236,244,254
2,Antofagasta,2202,Ollagüe,287,0,0,0,0,0,0,0,0,0,0,0,0,0,0,0,0,0,0,0,0,0,0,0,0,0,0,0,0,0,0,0,0,0,0,0,0,0,0,0,0,0,0,0,0,0,0,0,0,0,0,0,0,0,0,0,0,0,0,0,0,0,0,0,0,0,0,0,0,0
2,Antofagasta,2203,San Pedro de Atacama,10434,0,0,0,0,0,0,0,0,0,0,0,0,0,0,0,0,0,2,3,3,3,3,4,4,4,4,4,4,4,4,4,4,4,4,4,4,4,4,4,4,4,4,4,4,4,4,4,4,4,4,4,4,4,4,4,4,4,4,4,4,4,4,4,4,4,4,4,4,5
2,Antofagasta,2301,Tocopilla,28079,0,0,0,0,0,0,0,0,0,0,0,0,0,0,0,0,0,2,2,2,2,2,2,2,2,2,2,2,3,3,4,6,8,11,11,11,11,11,11,11,11,11,11,11,11,11,11,12,13,13,13,13,13,14,14,14,14,15,16,17,18,19,21,22,24,24,24,24,25
2,Antofagasta,2302,María Elena,6814,0,0,0,0,0,0,0,0,0,0,0,0,0,0,0,0,0,0,0,0,0,0,0,0,0,0,0,0,0,1,1,2,3,4,5,6,6,6,6,6,7,9,12,13,16,20,24,30,33,35,35,39,42,45,47,48,48,49,59,71,78,84,95,103,112,117,123,127,132
3,Atacama,3101,Copiapó,171766,0,0,0,0,0,0,0,0,0,0,0,0,0,0,0,0,0,2,2,4,4,4,4,4,5,6,8,8,8,8,8,8,8,8,8,8,8,8,8,8,8,8,8,8,8,18,19,19,28,32,34,40,42,47,48,60,63,67,67,69,70,71,73,75,82,83,87,91,96
3,Atacama,3102,Caldera,19426,0,0,0,0,0,0,0,0,0,0,0,0,0,0,0,0,0,0,0,0,0,0,0,0,0,0,0,0,0,0,0,0,0,0,0,0,0,0,0,0,0,0,0,0,0,0,0,0,1,1,1,1,1,1,1,2,2,3,3,4,4,4,4,4,5,5,5,5,5
3,Atacama,3103,Tierra Amarilla,14312,0,0,0,0,0,0,0,0,0,0,0,0,0,0,0,0,0,0,0,0,0,0,0,0,2,3,4,4,4,4,4,4,4,4,4,4,4,4,4,5,5,5,5,6,6,7,7,7,8,9,9,9,9,9,9,15,17,19,19,21,21,22,22,22,23,23,23,23,23
3,Atacama,3201,Chañaral,9331,0,0,0,0,0,0,0,0,0,0,0,0,0,0,0,0,0,0,0,0,0,0,0,0,0,0,0,0,0,0,0,0,0,0,0,0,0,0,0,0,0,0,0,0,0,0,0,0,0,0,0,0,0,0,0,0,0,0,0,0,0,0,0,0,0,0,0,0,0
3,Atacama,3202,Diego de Almagro,14358,0,0,0,0,0,0,0,0,0,0,0,0,0,0,0,0,0,1,1,1,1,1,1,1,1,1,1,1,1,1,1,1,1,1,1,1,1,1,1,1,1,1,1,1,1,1,1,1,2,2,2,2,2,2,2,3,3,3,3,3,3,3,3,3,3,3,4,4,5
3,Atacama,3301,Vallenar,57009,0,0,0,0,0,0,0,0,0,0,0,0,0,0,0,0,0,0,0,0,0,0,0,0,0,0,0,0,0,0,0,0,0,0,0,0,0,0,0,4,7,8,10,13,13,17,17,17,21,23,24,26,26,28,28,36,38,41,41,42,42,42,42,42,43,43,44,45,46
3,Atacama,3302,Alto del Carmen,5729,0,0,0,0,0,0,0,0,0,0,0,0,0,0,0,0,0,0,0,0,0,0,0,0,0,0,0,0,0,0,0,0,0,0,0,0,0,0,0,0,0,0,0,0,0,0,0,0,0,0,0,0,0,0,0,0,0,0,0,0,0,0,0,0,0,0,0,0,0
3,Atacama,3303,Freirina,7681,0,0,0,0,0,0,0,0,0,0,0,0,0,0,0,0,0,0,0,0,0,0,0,0,0,0,0,0,0,0,0,0,0,0,0,0,0,0,0,0,0,0,0,1,1,1,1,1,1,1,1,1,1,1,1,1,1,1,1,1,1,1,1,1,1,1,1,1,1
3,Atacama,3304,Huasco,11264,0,0,0,0,0,0,0,0,0,0,0,0,0,0,0,0,0,0,0,0,0,0,0,0,0,0,0,0,0,0,0,0,0,0,0,0,1,1,1,1,0,0,0,0,0,0,0,0,1,1,1,1,1,1,1,1,1,1,1,1,1,1,1,1,1,1,1,1,1
4,Coquimbo,4101,La Serena,249656,0,0,0,0,0,0,0,0,0,0,0,0,0,0,0,0,0,3,7,8,10,12,12,12,12,12,12,12,12,12,12,12,12,12,12,12,16,16,17,17,18,19,19,19,19,20,20,20,21,26,27,29,29,30,33,37,39,40,43,45,50,57,58,59,63,73,82,84,89
4,Coquimbo,4102,Coquimbo,256735,0,0,0,0,1,2,2,3,4,7,8,8,9,9,11,17,18,19,19,19,19,19,19,19,19,21,21,21,21,21,21,19,20,20,20,20,23,23,23,23,24,25,25,26,26,28,28,29,29,31,31,32,32,33,35,37,38,38,40,41,45,49,51,52,56,60,64,65,67
4,Coquimbo,4103,Andacollo,11791,0,0,0,0,0,0,0,0,0,0,0,0,0,0,0,0,0,0,0,0,0,0,0,0,0,0,0,0,0,0,0,0,0,0,0,0,0,0,0,0,0,0,0,0,0,0,0,0,0,2,2,2,2,2,3,3,3,3,3,3,3,3,3,3,3,3,4,4,4
4,Coquimbo,4104,La Higuera,4450,0,0,0,0,0,0,0,0,0,0,0,0,0,0,0,0,0,0,0,0,0,0,0,0,0,0,0,0,0,0,0,0,0,0,0,0,0,0,0,0,0,0,0,0,0,0,0,0,0,0,0,0,0,0,0,0,0,0,0,0,0,0,0,0,0,0,0,0,0
4,Coquimbo,4105,Paiguano,4675,0,0,0,0,0,0,0,0,0,0,0,0,0,0,0,0,0,0,0,0,0,0,0,0,0,0,0,0,0,0,0,0,0,0,0,0,0,0,0,0,0,0,0,0,0,0,0,0,0,0,0,0,0,0,0,0,0,0,0,0,0,0,0,0,0,0,0,0,0
4,Coquimbo,4106,Vicuña,29741,0,0,0,0,0,0,0,0,0,0,0,0,0,0,0,0,0,0,0,0,0,0,0,0,0,0,0,0,0,0,0,0,0,0,0,0,0,0,0,0,0,0,0,0,0,0,0,0,0,1,1,1,1,1,1,2,2,2,3,3,4,5,5,6,7,8,9,9,10
4,Coquimbo,4201,Illapel,32801,0,0,0,0,0,0,0,0,0,0,0,0,0,0,0,0,0,0,0,0,0,0,7,8,12,13,13,15,17,17,17,19,19,19,19,19,18,18,18,18,18,18,18,18,18,18,18,18,18,19,19,19,19,19,19,19,19,19,19,19,19,19,19,19,19,19,19,19,19
4,Coquimbo,4202,Canela,9546,0,0,0,0,0,0,0,0,0,0,0,0,0,0,0,0,0,0,0,0,0,0,0,0,0,0,0,0,0,0,0,0,0,0,0,0,0,0,0,0,0,0,0,0,0,0,0,0,0,0,0,0,0,0,1,1,1,1,1,1,1,1,1,1,1,1,2,2,2
4,Coquimbo,4203,Los Vilos,23374,0,0,0,0,0,0,0,0,0,0,0,0,0,0,0,0,0,1,1,1,1,1,1,1,1,1,1,1,1,1,1,1,1,1,1,1,1,1,1,1,1,1,1,1,1,1,1,1,1,1,1,1,1,1,1,1,1,1,1,1,1,1,1,1,1,1,1,1,1
4,Coquimbo,4204,Salamanca,29110,0,0,0,0,0,0,0,0,0,0,0,0,0,0,0,0,0,2,2,2,3,4,4,4,4,5,5,6,6,6,6,6,7,7,7,7,7,7,7,7,7,7,7,7,7,7,7,7,7,8,8,8,8,8,9,10,10,10,10,10,11,12,12,12,10,10,11,11,11
4,Coquimbo,4301,Ovalle,121269,0,0,0,0,0,0,0,1,1,2,2,2,2,2,3,4,4,4,4,4,6,7,7,7,7,8,8,8,8,8,8,8,8,8,8,8,9,9,9,9,9,9,9,9,9,10,10,10,10,11,11,13,13,14,16,21,23,24,26,27,31,35,38,41,48,52,56,57,59
4,Coquimbo,4302,Combarbalá,13884,0,0,0,0,0,0,0,0,0,0,0,0,0,0,0,0,0,0,0,0,0,0,0,0,0,0,0,0,0,0,0,0,0,0,0,0,0,0,0,0,0,0,0,0,0,0,0,0,0,0,0,0,0,0,0,1,2,2,2,2,2,2,3,4,5,5,6,6,6
4,Coquimbo,4303,Monte Patria,32527,0,0,0,0,0,0,0,0,0,0,0,0,0,0,0,0,0,0,0,0,0,0,0,0,0,0,0,0,0,0,0,0,0,0,0,0,0,0,0,0,0,0,0,0,0,0,0,0,0,0,0,0,0,0,0,0,0,0,1,1,2,3,3,3,4,9,14,15,17
4,Coquimbo,4304,Punitaqui,12165,0,0,0,0,0,0,0,0,0,0,0,0,0,0,0,0,0,0,0,0,0,0,0,0,0,0,0,0,0,0,0,0,0,0,0,0,0,0,0,0,1,1,1,1,1,2,2,2,2,3,3,4,4,4,5,7,8,8,8,8,8,8,8,8,8,9,10,10,10
4,Coquimbo,4305,Río Hurtado,4372,0,0,0,0,0,0,0,0,0,0,0,0,0,0,0,0,0,1,1,1,1,1,1,1,1,1,1,1,1,1,1,1,1,1,1,1,1,1,1,1,1,1,1,1,1,1,1,1,1,1,1,1,1,1,1,1,1,1,1,1,1,2,2,2,2,2,2,2,2
5,Valparaíso,5101,Valparaíso,315732,0,0,0,0,1,1,2,2,3,4,5,7,7,11,12,16,19,26,26,23,24,25,26,32,36,37,39,40,41,44,44,45,49,51,54,58,59,62,65,66,67,67,67,68,71,82,92,95,102,106,109,120,130,153,169,176,184,190,201,219,236,255,265,285,300,310,325,339,354
5,Valparaíso,5102,Casablanca,29170,0,0,0,0,0,0,0,0,0,0,0,0,0,0,0,0,0,1,2,2,2,2,3,3,2,2,2,2,2,3,3,3,3,3,3,3,3,3,3,3,3,3,3,3,3,3,3,3,3,3,3,3,3,4,4,4,4,4,6,8,10,13,13,13,13,14,16,18,21
5,Valparaíso,5103,Concón,45889,0,0,0,0,0,0,0,0,0,0,0,0,0,0,0,0,0,1,4,7,7,7,7,7,3,3,3,4,4,6,6,7,7,7,7,7,7,9,11,12,13,13,13,14,14,16,18,19,20,20,20,21,21,22,23,24,25,25,26,27,28,29,31,34,37,38,40,41,43
5,Valparaíso,5104,Juan Fernández,1033,0,0,0,0,0,0,0,0,0,0,0,0,0,0,0,0,0,0,0,0,0,0,0,0,0,0,0,0,0,0,0,0,0,0,0,0,0,0,0,0,0,0,0,0,0,0,0,0,0,0,0,0,0,0,0,0,0,0,0,0,0,0,0,0,0,0,0,0,0
5,Valparaíso,5105,Puchuncaví,20071,0,0,0,0,0,0,0,0,0,0,0,0,0,0,0,0,0,0,0,0,0,0,0,0,0,0,0,0,0,0,0,0,0,0,0,0,0,0,0,0,0,0,0,0,0,0,0,0,0,0,0,0,0,0,0,0,0,0,0,0,0,0,0,0,0,1,2,3,4
5,Valparaíso,5107,Quintero,36135,0,0,0,0,0,0,0,0,0,0,0,0,0,0,0,0,0,3,3,2,2,2,2,3,3,3,4,4,4,5,5,4,4,4,4,4,4,5,6,6,6,7,7,9,9,9,10,10,10,10,10,11,12,13,14,15,16,16,17,19,21,23,24,27,29,30,31,32,33
5,Valparaíso,5109,Viña del Mar,361371,0,0,0,0,1,1,3,4,5,7,9,12,13,19,21,29,31,38,43,47,49,51,53,61,66,67,69,70,70,72,73,75,81,84,87,92,94,97,100,102,103,105,106,109,110,116,122,123,129,132,135,141,147,159,168,179,192,200,213,234,254,275,286,310,327,342,365,385,408
5,Valparaíso,5201,Isla de Pascua,8277,0,0,0,0,0,0,0,0,0,0,0,0,0,0,0,0,0,5,5,5,5,5,5,5,5,5,6,6,6,6,6,6,6,5,5,5,5,5,5,5,5,5,5,5,5,5,5,5,5,5,5,5,5,5,5,5,5,5,5,5,5,5,5,5,5,5,5,5,5
5,Valparaíso,5301,Los Andes,68093,0,0,0,0,0,0,0,0,0,0,0,0,0,0,0,0,0,3,3,2,2,2,2,4,6,6,6,6,6,6,6,7,8,9,9,9,9,9,9,9,6,6,6,7,7,8,9,9,9,9,9,10,11,13,15,19,23,25,26,27,27,28,30,33,35,42,52,61,72
5,Valparaíso,5302,Calle Larga,16482,0,0,0,0,0,0,0,0,0,0,0,0,0,0,0,0,0,0,0,2,2,2,2,2,1,1,2,2,2,2,2,2,3,4,4,5,5,5,6,6,6,6,6,6,6,6,6,6,6,6,6,7,8,9,10,10,10,10,10,11,11,12,12,12,12,13,15,17,20
5,Valparaíso,5303,Rinconada,11263,0,0,0,0,0,0,0,0,0,0,0,0,0,0,0,0,0,0,0,0,0,0,0,0,1,1,2,2,2,2,2,2,2,2,2,2,2,2,2,2,2,2,2,2,2,2,2,2,2,2,2,2,2,3,3,3,3,3,3,3,3,3,3,4,5,6,7,8,10
5,Valparaíso,5304,San Esteban,20643,0,0,0,0,0,0,0,0,0,0,0,0,0,0,0,0,0,0,0,0,0,0,0,0,0,0,0,0,0,0,0,0,0,0,0,1,1,1,1,1,1,2,2,3,3,3,3,3,3,3,3,3,3,4,5,6,7,8,8,8,8,9,9,10,11,12,13,13,14
5,Valparaíso,5401,La Ligua,37739,0,0,0,0,0,0,0,0,0,0,0,0,0,0,0,0,0,2,2,2,2,2,2,2,2,2,2,2,2,2,2,2,2,2,2,2,2,2,2,2,2,2,2,2,2,2,2,2,3,3,3,3,3,3,3,3,3,3,3,3,3,3,3,4,4,5,6,7,8
5,Valparaíso,5402,Cabildo,20663,0,0,0,0,0,0,0,0,0,0,0,0,0,0,0,0,0,0,0,0,0,0,0,0,0,0,0,0,0,0,0,0,0,0,0,1,1,1,1,1,0,1,1,3,3,3,4,4,5,5,5,5,5,5,5,5,6,6,6,6,6,7,7,8,9,9,10,10,11
5,Valparaíso,5403,Papudo,6201,0,0,0,0,0,0,0,0,0,0,0,0,0,0,0,0,0,0,0,1,1,1,1,#VALUE!,0,0,0,0,0,0,0,0,0,0,0,0,0,0,0,0,0,0,0,0,0,0,0,0,0,0,0,0,0,0,0,0,0,0,0,0,0,0,0,0,0,1,2,3,4
5,Valparaíso,5404,Petorca,10558,0,0,0,0,0,0,0,0,0,0,0,0,0,0,0,0,0,1,1,1,3,4,5,5,4,4,5,5,5,6,6,6,6,6,6,6,6,6,6,6,6,6,6,6,6,6,6,6,6,6,6,6,6,6,6,6,7,7,7,7,7,7,7,7,7,8,9,9,10
5,Valparaíso,5405,Zapallar,7994,0,0,0,0,0,0,0,0,0,0,0,0,0,0,0,0,0,0,0,0,0,0,0,0,0,0,0,0,0,0,0,0,0,0,0,0,0,0,0,0,0,0,0,0,0,0,0,0,0,0,0,0,0,0,0,0,0,0,0,0,0,0,0,0,0,0,0,0,0
5,Valparaíso,5501,Quillota,97572,0,0,0,0,0,0,1,1,1,1,2,2,3,4,4,6,6,7,8,9,9,9,9,11,13,13,13,14,14,16,17,18,19,19,19,20,20,21,22,22,22,22,22,22,22,23,24,24,25,26,26,26,26,27,28,29,30,31,32,34,36,39,41,45,48,49,51,53,56
5,Valparaíso,5502,Calera,53591,0,0,0,0,0,0,1,1,1,1,2,2,3,4,4,6,6,6,7,7,7,7,7,8,9,9,9,9,9,9,10,11,12,13,14,16,16,18,20,21,22,22,22,22,22,22,22,22,22,22,22,22,22,22,22,23,24,25,26,27,27,28,29,30,31,32,34,36,39
5,Valparaíso,5503,Hijuelas,19099,0,0,0,0,0,0,0,0,0,0,0,0,0,0,0,0,0,0,0,0,0,0,0,0,0,0,0,0,0,0,0,0,0,0,0,1,1,1,1,1,1,1,1,1,1,1,1,1,1,1,1,1,1,1,1,1,1,1,1,1,1,2,2,3,3,3,4,4,5
5,Valparaíso,5504,La Cruz,25321,0,0,0,0,0,0,0,0,0,0,0,0,0,0,0,0,0,1,2,3,3,3,3,3,2,2,2,3,3,5,5,5,5,5,6,7,7,7,8,8,8,8,8,8,8,8,9,9,10,10,10,11,12,13,14,15,16,17,17,18,18,19,20,21,22,22,23,23,24
5,Valparaíso,5506,Nogales,33777,0,0,0,0,0,0,0,0,0,0,0,0,0,0,0,0,0,0,0,0,0,0,0,0,0,0,0,0,0,0,0,0,0,0,0,0,0,0,0,0,0,0,0,0,0,0,0,0,0,0,0,0,0,0,0,0,1,1,1,2,2,3,3,4,5,6,7,8,9
5,Valparaíso,5601,San Antonio,96761,0,0,0,0,0,0,0,0,0,0,0,0,0,0,0,0,0,4,6,8,8,8,9,9,9,10,13,14,15,17,18,19,25,28,30,33,34,38,42,44,46,49,50,53,55,62,70,72,79,83,86,93,100,115,125,133,141,147,155,167,178,191,198,214,225,235,250,264,280
5,Valparaíso,5602,Algarrobo,15174,0,0,0,0,0,0,1,1,1,2,2,3,3,5,5,7,7,7,8,9,9,9,9,9,8,8,8,8,8,8,8,9,9,9,9,9,9,9,9,9,9,9,9,10,10,10,10,10,10,10,10,10,10,11,12,13,14,14,15,16,17,19,20,22,23,25,27,29,32
5,Valparaíso,5603,Cartagena,25357,0,0,0,0,0,0,0,0,0,0,0,0,0,0,0,0,0,0,0,0,0,0,1,#VALUE!,0,0,0,0,0,2,2,2,2,2,2,2,2,3,5,6,6,6,6,6,6,7,8,8,9,9,9,10,11,13,14,14,15,15,16,18,19,21,21,22,23,24,26,28,31
5,Valparaíso,5604,El Quisco,17742,0,0,0,0,0,0,0,0,0,0,0,0,0,0,0,0,0,0,0,1,1,1,1,1,1,1,1,1,1,3,3,4,5,6,7,8,8,9,10,11,11,11,11,11,11,11,11,11,12,12,12,13,14,15,16,17,18,18,19,20,21,23,24,25,26,27,28,29,30
5,Valparaíso,5605,El Tabo,14338,0,0,0,0,0,0,0,0,0,0,0,0,0,0,0,0,0,1,2,3,3,3,3,3,2,2,2,2,2,2,2,3,5,6,6,6,6,7,8,9,9,9,9,9,9,11,13,13,13,13,13,13,13,14,14,15,16,16,17,19,21,23,23,24,24,25,26,27,29
5,Valparaíso,5606,Santo Domingo,11934,0,0,0,0,0,0,0,0,0,0,0,0,0,0,0,0,0,3,3,1,1,1,2,4,5,5,5,5,5,5,7,10,11,11,11,12,12,14,16,17,17,17,17,17,17,18,19,19,21,22,22,22,22,22,21,22,24,25,26,27,28,29,30,32,33,33,34,34,35
5,Valparaíso,5701,San Felipe,83494,0,0,0,0,0,0,0,0,0,0,0,0,0,0,0,0,0,3,4,5,5,5,5,6,6,6,6,6,6,6,6,6,6,6,6,6,6,6,6,6,6,6,6,6,6,7,9,9,9,9,9,10,10,11,12,14,16,17,19,23,26,30,32,35,37,43,53,62,72
5,Valparaíso,5702,Catemu,15213,0,0,0,0,0,0,0,0,0,0,0,0,0,0,0,0,0,0,0,0,0,0,0,0,0,0,0,0,0,0,0,0,0,0,0,0,0,0,0,0,0,0,0,0,0,0,0,0,1,1,1,1,1,1,1,1,2,2,2,2,2,2,2,3,4,4,4,4,5
5,Valparaíso,5703,Llaillay,26533,0,0,0,0,0,0,0,0,0,0,0,0,0,0,0,0,0,0,0,1,1,1,2,2,2,2,2,2,2,2,2,2,2,2,2,2,2,2,2,2,2,2,2,2,2,3,4,4,4,4,4,4,4,4,4,4,5,5,6,8,9,11,12,13,14,17,23,28,33
5,Valparaíso,5704,Panquehue,7633,0,0,0,0,0,0,0,0,0,0,0,0,0,0,0,0,0,0,0,0,0,0,0,0,0,0,0,0,0,0,0,0,0,0,0,0,0,0,0,0,0,0,0,0,0,0,0,0,0,0,0,0,0,0,0,0,0,0,0,0,0,1,1,1,1,1,2,2,3
5,Valparaíso,5705,Putaendo,17645,0,0,0,0,0,0,0,0,0,0,0,0,0,0,0,0,0,1,1,1,1,1,1,1,1,1,1,1,1,1,1,2,2,2,3,5,5,5,5,5,5,5,5,5,5,5,6,6,6,6,6,6,6,7,7,9,11,12,12,12,12,12,13,14,15,16,18,19,21
5,Valparaíso,5706,Santa María,16367,0,0,0,0,0,0,0,0,0,0,0,0,0,0,0,0,0,2,2,2,2,2,2,2,2,2,2,2,2,2,2,2,2,2,2,2,2,2,2,2,2,2,2,2,3,7,12,13,15,16,16,17,17,18,19,19,20,20,20,20,20,20,20,20,20,21,23,24,26
5,Valparaíso,5801,Quilpué,167085,0,0,0,0,0,1,1,2,2,3,3,4,5,7,8,11,11,10,11,11,11,11,12,14,15,16,18,18,18,20,20,21,22,22,24,26,27,28,29,30,30,30,30,30,31,34,37,38,39,40,40,42,44,47,50,52,54,55,61,70,79,88,92,99,104,108,114,119,124
5,Valparaíso,5802,Limache,49931,0,0,0,0,0,0,0,0,0,0,0,0,0,0,0,0,0,3,3,3,3,3,4,5,5,6,7,7,7,8,10,13,18,20,20,20,20,21,22,23,23,23,23,23,23,23,23,23,23,23,22,23,23,24,25,26,27,28,31,36,41,47,49,52,54,57,61,64,68
5,Valparaíso,5803,Olmué,19266,0,0,0,0,0,0,0,0,0,0,0,0,0,0,0,0,0,0,0,0,0,0,0,0,0,0,0,0,0,1,1,1,2,2,2,2,2,2,2,2,2,2,2,2,2,2,2,2,2,2,2,2,2,2,2,2,2,2,2,2,2,3,3,3,3,4,5,5,6
5,Valparaíso,5804,Villa Alemana,139310,0,0,0,0,0,0,1,1,1,1,2,2,3,4,4,6,7,8,10,11,11,11,11,12,12,12,12,12,12,12,12,12,13,13,13,13,13,13,14,14,14,14,14,15,15,16,17,17,18,19,19,22,25,31,36,39,43,45,48,53,58,64,67,73,77,83,92,100,109
6,O’Higgins,6101,Rancagua,265211,0,0,0,0,1,2,2,3,3,3,4,5,5,7,7,7,7,7,9,9,12,14,15,15,15,15,15,15,15,15,15,15,15,15,15,15,22,22,23,27,28,29,31,32,33,36,38,38,42,43,45,47,51,54,61,67,73,82,85,95,116,128,131,147,170,178,182,186,195
6,O’Higgins,6102,Codegua,14096,0,0,0,0,0,0,0,0,0,0,0,0,0,0,0,0,0,0,0,0,0,0,0,0,0,0,0,0,0,0,0,0,0,0,0,0,1,1,1,1,1,1,1,1,1,2,2,2,2,2,2,2,2,2,2,2,2,3,3,3,3,3,3,3,4,5,5,5,6
6,O’Higgins,6103,Coinco,7831,0,0,0,0,0,0,0,0,0,0,0,0,0,0,0,0,0,0,0,0,0,0,0,0,0,0,0,0,0,0,0,0,0,0,0,0,0,0,0,1,1,1,1,1,1,1,1,1,1,1,1,1,1,1,2,2,2,2,2,2,3,4,4,4,5,6,7,7,8
6,O’Higgins,6104,Coltauco,21263,0,0,0,0,0,0,0,0,0,0,0,0,0,0,0,0,0,0,0,0,0,0,0,0,0,0,0,0,0,0,0,0,0,0,0,0,0,0,0,0,0,0,0,0,0,0,0,0,0,0,0,0,0,0,1,2,2,3,3,4,7,9,9,12,16,16,16,16,16
6,O’Higgins,6105,Doñihue,22700,0,0,0,0,0,0,0,0,0,0,0,0,0,0,0,0,0,0,0,0,0,0,0,0,0,0,0,0,0,0,0,0,0,0,0,0,0,0,0,1,1,1,1,1,1,2,2,2,2,2,2,2,3,3,4,5,5,6,6,7,9,10,10,12,14,16,17,18,20
6,O’Higgins,6106,Graneros,36504,0,0,0,0,0,0,0,0,0,0,0,0,0,0,0,0,0,0,0,0,0,0,0,0,0,0,0,0,0,0,0,0,0,0,0,0,0,0,0,2,2,2,2,2,2,2,2,2,2,2,2,3,5,6,10,12,14,17,17,18,21,23,23,25,27,29,30,31,32
6,O’Higgins,6107,Las Cabras,26749,0,0,0,0,0,0,0,0,0,0,0,0,0,0,0,0,0,0,0,0,0,0,0,0,0,0,0,0,0,0,1,1,1,1,1,1,1,1,1,3,3,3,3,3,3,4,4,4,7,8,10,10,10,10,10,10,10,10,10,10,11,12,12,12,12,12,12,12,13
6,O’Higgins,6108,Machalí,59913,0,0,0,0,0,0,0,0,0,0,0,0,0,0,0,0,0,6,7,7,8,8,8,8,8,8,8,8,8,8,8,8,8,9,9,9,10,10,11,15,16,16,16,16,16,16,16,16,16,16,16,16,17,18,19,19,19,20,20,21,23,24,24,25,26,27,28,28,29
6,O’Higgins,6109,Malloa,14163,0,0,0,0,0,0,0,0,0,0,0,0,0,0,0,0,0,0,0,0,0,0,0,0,0,0,0,0,0,0,0,0,0,0,0,0,0,0,0,0,0,0,0,0,0,0,0,0,0,0,0,0,0,0,0,0,0,0,0,0,1,1,1,1,2,2,2,2,2
6,O’Higgins,6110,Mostazal,27462,0,0,0,0,0,0,0,0,0,0,0,0,0,0,0,0,0,0,0,0,0,0,0,0,0,0,0,0,0,0,0,0,0,0,0,0,0,0,0,0,0,0,0,0,0,0,0,0,1,1,1,1,1,1,1,2,2,3,3,3,4,4,4,5,7,7,7,7,7
6,O’Higgins,6111,Olivar,14624,0,0,0,0,0,0,0,0,0,0,0,0,0,0,0,0,0,1,2,2,2,2,2,2,2,3,3,4,5,6,7,7,7,7,7,7,6,6,6,6,6,6,6,6,6,6,6,6,6,6,6,6,6,6,6,6,6,7,7,8,11,13,13,13,14,15,15,15,16
6,O’Higgins,6112,Peumo,14952,0,0,0,0,0,0,0,0,0,0,0,0,0,0,0,0,0,0,0,0,0,0,1,1,1,1,1,1,1,1,1,1,1,1,1,1,1,1,1,1,1,1,1,1,1,2,2,2,2,2,2,2,2,2,3,3,3,3,3,3,4,4,4,4,4,4,4,4,5
6,O’Higgins,6113,Pichidegua,20743,0,0,0,0,0,0,0,0,0,0,0,0,0,0,0,0,0,0,0,0,0,0,0,0,0,0,0,0,0,0,0,0,0,0,0,0,0,0,0,0,0,0,0,0,0,0,0,0,0,0,0,0,0,0,1,1,1,1,1,1,2,2,2,3,5,5,5,5,6
6,O’Higgins,6114,Quinta de Tilcoco,13877,0,0,0,0,0,0,0,0,0,0,0,0,0,0,0,0,0,2,2,2,2,2,2,2,2,2,2,2,2,3,3,3,3,3,3,3,1,1,1,1,1,1,1,1,1,1,1,1,1,1,1,1,1,1,1,1,1,1,1,1,1,1,1,1,2,2,2,2,2
6,O’Higgins,6115,Rengo,63710,0,0,0,0,0,0,0,0,0,0,0,0,0,0,0,0,0,1,1,1,1,1,1,1,1,1,1,1,1,1,1,1,1,1,1,1,2,2,2,3,3,4,6,7,7,8,8,8,9,9,10,10,10,10,9,10,10,11,11,12,13,14,14,17,21,21,21,21,22
6,O’Higgins,6116,Requínoa,30371,0,0,0,0,0,0,0,0,0,0,0,0,0,0,0,0,0,1,1,1,1,1,1,1,1,1,1,1,1,1,1,1,1,1,1,1,2,2,2,3,3,3,4,4,4,4,4,4,4,4,4,4,4,4,5,5,5,5,5,6,7,8,8,8,9,9,9,9,10
6,O’Higgins,6117,San Vicente,50617,0,0,0,0,0,0,0,0,0,0,0,0,0,0,0,0,0,1,4,4,4,4,4,4,4,4,4,4,4,4,4,4,4,4,4,4,4,4,4,4,4,4,4,4,5,7,8,8,9,9,9,9,10,10,11,12,13,14,14,15,18,20,20,22,25,28,30,31,35
6,O’Higgins,6201,Pichilemu,17882,0,0,0,0,0,0,0,0,0,0,0,0,0,0,0,0,0,0,0,0,0,0,0,0,0,0,0,0,0,0,0,0,0,0,0,0,0,0,0,0,0,0,0,0,0,0,0,0,0,0,0,0,0,0,0,0,0,1,1,1,1,1,1,2,4,4,4,4,5
6,O’Higgins,6202,La Estrella,3114,0,0,0,0,0,0,0,0,0,0,0,0,0,0,0,0,0,0,0,0,0,0,0,0,0,0,0,0,0,0,0,0,0,0,0,0,0,0,0,0,0,0,0,0,0,0,0,0,0,0,0,0,0,0,0,0,0,0,0,0,0,0,0,0,0,0,0,0,0
6,O’Higgins,6203,Litueche,6765,0,0,0,0,0,0,0,0,0,0,0,0,0,0,0,0,0,0,0,0,0,0,0,0,0,0,0,0,0,0,0,0,0,0,0,0,0,0,0,1,1,2,3,3,4,6,7,7,8,8,8,8,8,8,8,8,8,8,8,8,9,9,9,9,9,10,10,10,11
6,O’Higgins,6204,Marchihue,7632,0,0,0,0,0,0,0,0,0,0,0,0,0,0,0,0,0,0,0,0,0,0,0,0,0,0,0,0,0,0,0,0,0,0,0,0,0,0,0,0,0,0,0,0,0,0,0,0,0,0,0,0,0,0,0,0,0,0,0,0,0,0,0,0,0,0,0,0,0
6,O’Higgins,6205,Navidad,6904,0,0,0,0,0,0,0,0,0,0,0,0,0,0,0,0,0,0,0,0,0,0,0,0,0,0,0,0,0,0,0,0,0,0,0,0,0,0,0,0,0,0,0,0,0,1,2,2,2,2,2,2,2,2,2,3,3,4,4,5,7,8,8,8,8,9,9,9,10
6,O’Higgins,6206,Paredones,6349,0,0,0,0,0,0,0,0,0,0,0,0,0,0,0,0,0,0,0,0,0,0,0,0,0,0,0,0,0,0,0,0,0,0,0,0,0,0,0,0,0,0,0,0,0,0,0,0,0,0,0,0,0,0,0,0,0,0,0,0,0,0,0,1,2,2,2,2,2
6,O’Higgins,6301,San Fernando,78642,0,0,0,0,0,0,0,0,0,0,0,0,0,0,0,0,0,4,4,4,4,4,4,4,4,4,4,4,4,4,5,5,5,5,5,5,6,6,6,6,5,5,5,5,5,5,5,5,6,6,6,6,6,6,6,6,6,6,6,7,9,10,10,12,14,14,14,14,14
6,O’Higgins,6302,Chépica,15925,0,0,0,0,0,0,0,0,0,0,0,0,0,0,0,0,0,0,0,0,0,0,0,0,0,0,0,0,0,0,0,0,0,0,0,0,0,0,0,0,0,0,0,0,0,0,0,0,0,0,0,0,0,0,0,0,0,0,0,0,1,1,1,2,3,4,5,5,6
6,O’Higgins,6303,Chimbarongo,37696,0,0,0,0,0,0,0,0,0,0,0,0,0,0,0,0,0,2,2,2,2,2,2,2,2,2,2,2,2,2,4,4,4,4,4,4,2,2,2,2,2,2,2,2,2,2,2,2,2,2,2,2,2,2,2,2,2,2,2,3,4,5,5,5,5,5,5,5,6
6,O’Higgins,6304,Lolol,7289,0,0,0,0,0,0,0,0,0,0,0,0,0,0,0,0,0,0,0,0,0,0,0,0,0,0,0,0,0,0,0,0,0,0,0,0,0,0,0,0,0,0,0,0,0,0,0,0,0,0,0,0,0,0,0,0,0,0,0,0,0,0,0,0,1,2,2,2,3
6,O’Higgins,6305,Nancagua,19141,0,0,0,0,0,0,0,0,0,0,0,0,0,0,0,0,0,0,0,0,0,0,0,0,0,0,0,0,0,0,0,0,0,0,0,0,0,0,0,0,0,0,0,0,0,1,1,1,1,1,1,1,1,1,1,1,1,2,2,2,3,3,3,3,4,4,4,4,5
6,O’Higgins,6306,Palmilla,13299,0,0,0,0,0,0,0,0,0,0,0,0,0,0,0,0,0,0,0,0,0,0,0,0,0,0,0,0,0,0,0,0,0,0,0,0,0,0,0,0,0,0,0,0,0,0,0,0,0,0,0,0,0,0,0,0,0,0,0,0,0,0,0,0,0,0,0,0,0
6,O’Higgins,6307,Peralillo,11848,0,0,0,0,0,0,0,0,0,0,0,0,0,0,0,0,0,0,0,0,0,0,0,0,0,0,0,0,0,0,0,0,0,0,0,0,0,0,0,0,0,0,0,0,0,0,0,0,0,0,0,0,0,0,0,0,0,0,0,0,0,0,0,0,0,1,1,1,2
6,O’Higgins,6308,Placilla,9164,0,0,0,0,0,0,0,0,0,0,0,0,0,0,0,0,0,1,1,1,1,1,1,1,1,1,1,1,1,1,2,2,2,2,2,2,1,1,1,1,1,1,1,1,1,1,1,1,1,1,1,1,1,1,1,1,1,1,1,1,2,2,2,3,4,4,4,4,4
6,O’Higgins,6309,Pumanque,3531,0,0,0,0,0,0,0,0,0,0,0,0,0,0,0,0,0,0,0,0,0,0,0,0,0,0,0,0,0,0,0,0,0,0,0,0,0,0,0,0,0,0,0,0,0,0,0,0,0,0,0,0,0,0,0,0,0,0,0,0,0,0,0,0,0,0,0,0,0
6,O’Higgins,6310,Santa Cruz,41096,0,0,0,0,0,0,0,0,0,0,0,0,0,0,0,0,0,0,0,0,0,0,1,1,2,2,2,2,2,2,2,2,2,2,2,2,1,1,1,2,2,2,2,2,2,2,2,2,2,2,2,2,2,2,2,2,2,3,3,3,4,5,5,5,6,8,9,10,11
7,Maule,7101,Talca,236724,6,6,6,7,9,9,9,16,18,18,19,20,20,23,26,34,35,37,40,42,45,47,48,48,51,51,51,51,51,51,52,57,64,91,118,132,133,136,139,140,145,145,146,149,156,159,160,160,161,161,162,162,162,162,163,164,165,166,169,175,185,191,193,197,203,212,222,235,247
7,Maule,7102,Constitución,50348,0,0,0,0,0,0,0,0,0,0,0,0,0,0,0,0,0,1,2,3,3,3,3,3,5,5,5,5,5,5,5,4,5,11,11,11,11,13,15,16,18,18,18,19,20,21,21,21,22,22,23,23,23,23,23,23,23,23,23,24,25,26,26,26,27,27,27,28,28
7,Maule,7103,Curepto,9426,0,0,0,0,0,0,0,0,0,0,0,0,0,0,0,0,0,0,0,0,0,0,0,0,2,3,3,3,3,3,3,3,3,3,6,7,7,7,7,7,8,8,8,8,8,8,8,8,8,8,8,8,8,8,8,8,8,9,9,9,9,9,9,9,10,10,11,12,12
7,Maule,7104,Empedrado,4206,0,0,0,0,0,0,0,0,0,0,0,0,0,0,0,0,0,0,0,0,0,0,0,0,0,0,0,0,0,0,0,0,0,0,0,0,0,0,0,0,0,0,0,0,0,0,0,0,0,0,0,0,0,0,0,0,0,0,0,0,0,0,0,0,0,0,0,0,0
7,Maule,7105,Maule,60000,0,0,0,0,0,0,0,0,0,0,0,0,0,0,0,0,0,2,2,2,2,2,2,2,3,3,3,3,4,4,4,5,6,10,12,13,13,15,18,19,22,22,22,22,23,23,23,23,23,23,23,23,23,23,24,24,24,24,25,26,27,28,28,28,29,30,32,34,36
7,Maule,7106,Pelarco,9083,0,0,0,0,0,0,0,0,0,0,0,0,0,0,0,0,0,0,0,0,0,0,0,0,0,0,0,0,0,3,3,3,3,5,5,5,5,5,5,5,5,5,5,5,5,5,5,5,5,5,5,5,5,5,6,6,7,8,9,10,12,13,13,13,13,14,15,16,17
7,Maule,7107,Pencahue,101058,0,0,0,0,0,0,0,0,0,0,0,0,0,0,0,0,0,0,0,0,0,0,0,0,0,0,0,0,0,0,0,0,0,1,2,2,2,2,2,2,3,3,3,3,3,3,3,3,3,3,3,3,3,3,3,3,3,3,3,3,3,3,3,3,3,3,3,3,3
7,Maule,7108,Río Claro,14753,0,0,0,0,0,0,0,0,0,0,0,0,0,0,0,0,0,1,1,1,1,1,1,1,2,3,3,3,3,3,3,3,4,6,6,6,6,6,6,6,7,7,7,7,8,8,8,8,8,8,9,9,9,9,9,9,9,9,9,10,11,11,11,11,11,11,12,13,13
7,Maule,7109,San Clemente,46292,0,0,0,0,0,0,0,0,0,0,0,0,0,0,0,0,0,0,0,0,0,0,0,0,0,0,0,0,0,0,0,0,1,4,6,7,7,8,8,8,9,9,9,9,10,10,10,10,10,10,10,11,11,12,14,15,17,19,20,21,22,23,23,24,25,27,30,33,36
7,Maule,7110,San Rafael,9959,0,0,0,0,0,0,0,0,0,0,0,0,0,0,0,0,0,0,0,1,1,1,1,1,1,1,1,1,2,2,2,2,2,2,2,2,2,2,2,2,3,3,3,3,3,3,3,3,3,3,3,3,3,3,4,4,4,4,4,5,6,6,7,9,12,16,20,25,29
7,Maule,7201,Cauquenes,44143,0,0,0,0,0,0,0,0,0,0,0,0,0,0,0,0,0,1,2,3,3,4,4,4,4,4,4,4,4,4,4,4,5,8,9,10,10,11,11,11,12,12,12,13,13,13,13,13,13,13,13,13,13,13,13,13,13,14,15,16,18,20,21,22,23,24,25,26,26
7,Maule,7202,Chanco,13164,0,0,0,0,0,0,0,0,0,0,0,0,0,0,0,0,0,0,0,0,0,0,0,0,0,0,0,0,0,0,0,0,0,0,1,2,2,2,2,2,2,2,2,3,3,3,3,3,3,3,3,3,3,3,3,3,3,3,3,3,3,3,3,3,3,3,3,3,3
7,Maule,7203,Pelluhue,8092,0,0,0,0,0,0,0,0,0,0,0,0,0,0,0,0,0,1,1,1,1,1,1,1,1,1,1,1,1,1,1,1,1,1,1,1,1,1,1,1,2,2,2,2,2,2,2,2,2,2,2,2,2,2,2,2,2,2,2,3,4,5,5,6,7,8,9,10,10
7,Maule,7301,Curicó,163626,1,1,1,1,2,2,2,3,3,3,3,3,4,4,5,6,7,8,10,11,12,13,13,13,13,16,17,18,19,20,20,23,23,24,29,31,31,31,31,31,31,31,33,37,42,44,45,45,45,45,45,47,47,48,51,52,54,56,57,59,61,63,67,74,83,90,97,107,116
7,Maule,7302,Hualañé,10222,0,0,0,0,0,0,0,0,0,0,0,0,0,0,0,0,0,0,0,0,0,0,0,0,0,0,0,0,0,0,0,0,0,0,0,0,0,0,0,0,0,0,0,0,0,0,0,0,0,0,0,0,0,0,0,0,0,0,0,0,0,0,0,0,0,0,0,1,1
7,Maule,7303,Licantén,6989,0,0,0,0,0,0,0,0,0,0,0,0,0,0,0,0,0,0,0,0,0,0,0,0,0,0,0,0,0,0,0,0,0,1,2,2,2,2,2,2,2,2,2,2,2,2,2,2,2,2,2,2,2,2,2,2,2,2,2,2,2,2,2,2,2,2,2,2,2
7,Maule,7304,Molina,49800,0,0,0,0,0,0,0,0,0,0,0,0,0,0,0,0,0,3,3,3,3,3,3,3,3,3,3,3,3,3,3,3,3,4,5,5,5,6,6,6,7,7,7,7,7,7,7,7,7,7,7,7,7,7,8,8,8,9,9,9,9,8,8,8,8,8,9,10,10
7,Maule,7305,Rauco,11248,0,0,0,0,0,0,0,0,0,0,0,0,0,0,0,0,0,0,0,1,1,1,1,1,1,2,2,2,2,2,2,2,2,2,2,2,2,2,2,2,2,2,2,2,2,2,2,2,2,2,2,2,2,2,2,2,2,2,2,2,2,2,2,2,3,3,3,4,4
7,Maule,7306,Romeral,16170,0,0,0,0,0,0,0,0,0,0,0,0,0,0,0,0,0,2,2,2,2,2,2,2,2,3,3,3,3,3,3,4,4,5,10,12,12,12,12,12,13,13,13,13,13,13,13,13,13,13,13,13,13,13,13,13,13,13,13,13,13,13,13,13,13,13,13,13,13
7,Maule,7307,Sagrada Familia,19469,0,0,0,0,0,0,0,0,0,0,0,0,0,0,0,0,0,0,0,0,0,0,1,1,1,1,1,1,1,1,1,1,1,1,1,1,1,1,1,1,2,2,2,2,2,2,2,2,2,2,2,2,2,2,2,2,2,2,2,2,2,2,2,2,2,2,2,3,3
7,Maule,7308,Teno,30850,0,0,0,0,0,0,0,0,0,0,0,0,0,0,0,0,0,0,0,0,0,0,0,0,0,0,1,1,1,1,1,1,1,1,2,2,2,2,2,2,2,2,2,2,3,4,4,4,4,4,4,4,4,4,5,5,6,7,7,7,8,8,8,8,8,8,8,9,9
7,Maule,7309,Vichuquén,4381,0,0,0,0,0,0,0,0,0,0,0,0,0,0,0,0,0,0,0,0,0,0,0,0,0,0,0,0,0,0,0,0,0,0,0,0,0,0,0,0,0,0,0,0,0,0,0,0,0,0,0,0,0,0,0,0,0,0,0,0,0,0,0,0,0,0,0,0,0
7,Maule,7401,Linares,101073,1,1,1,1,1,1,1,2,2,2,2,2,2,3,3,4,5,6,8,10,10,11,11,11,12,13,13,13,13,13,13,13,13,15,20,22,22,22,22,22,22,22,23,24,26,27,27,27,27,27,27,28,28,29,31,32,33,34,36,39,43,46,47,48,49,51,54,57,60
7,Maule,7402,Colbún,22565,0,0,0,0,0,0,0,0,0,0,0,0,0,0,0,0,0,4,4,4,4,5,5,5,5,5,5,5,5,5,5,5,5,6,6,6,5,5,5,5,6,6,6,6,6,6,6,6,6,6,6,6,6,6,6,7,8,9,9,9,10,10,11,12,13,14,15,17,19
7,Maule,7403,Longaví,32810,0,0,0,0,0,0,0,0,0,0,0,0,0,0,0,0,0,1,1,1,1,2,2,2,2,2,2,2,2,2,2,2,2,3,3,3,3,3,3,3,4,4,4,4,4,4,4,4,4,4,4,5,5,5,6,6,6,7,7,8,9,10,11,12,13,14,15,17,19
7,Maule,7404,Parral,44544,1,1,1,1,1,1,1,2,2,2,2,2,2,3,3,4,4,3,3,3,3,3,3,3,4,5,5,5,6,6,6,6,6,6,6,6,6,7,8,8,9,9,9,9,9,9,9,9,9,9,9,9,9,9,9,9,9,9,9,10,11,11,11,12,13,15,17,19,21
7,Maule,7405,Retiro,21071,0,0,0,0,0,0,0,0,0,0,0,0,0,0,0,0,0,0,0,0,0,0,0,0,0,0,0,0,0,1,1,1,1,2,2,2,2,2,2,2,1,1,1,1,1,1,1,1,1,1,1,1,1,1,2,2,2,2,2,2,2,2,2,2,2,2,2,3,3
7,Maule,7406,San Javier,49451,0,0,0,0,0,0,0,0,0,0,0,0,0,0,0,0,0,1,1,1,4,6,7,7,7,8,8,8,8,8,8,9,9,11,14,16,16,17,18,18,20,20,20,20,22,23,23,23,23,23,23,24,24,24,25,25,26,27,28,30,32,34,34,34,34,35,37,39,41
7,Maule,7407,Villa Alegre,17512,0,0,0,0,0,0,0,0,0,0,0,0,0,0,0,0,0,0,0,0,0,0,0,0,0,0,0,0,0,0,0,0,0,0,1,1,1,1,1,1,1,1,1,2,2,2,2,2,2,2,2,2,2,2,2,2,2,2,2,2,3,3,3,3,3,3,3,4,4
7,Maule,7408,Yerbas Buenas,19200,0,0,0,0,0,0,0,0,0,0,0,0,0,0,0,0,0,0,0,0,0,0,0,0,0,0,0,0,0,0,0,0,0,0,1,1,1,1,1,1,1,1,1,1,2,2,2,2,2,2,2,2,2,2,3,3,3,3,3,4,5,5,6,7,8,9,11,13,15
8,Biobío,8101,Concepción,238092,0,1,1,1,2,3,4,5,6,10,13,15,19,21,26,28,35,47,50,53,62,66,70,71,73,78,81,86,89,92,112,130,136,142,146,148,149,149,149,149,136,138,139,139,140,144,146,147,147,147,141,144,147,153,159,164,166,171,172,174,175,177,179,181,184,188,196,202,209
8,Biobío,8102,Coronel,125829,0,0,0,0,0,0,0,0,0,0,0,0,0,0,0,0,0,11,12,12,13,13,13,15,18,18,18,18,18,18,18,15,15,15,15,15,15,15,15,16,16,17,18,18,18,20,21,21,22,22,22,23,24,26,29,29,29,30,31,34,36,39,41,43,46,48,51,53,56
8,Biobío,8103,Chiguayante,91180,0,0,0,0,0,1,1,1,1,2,3,3,4,5,6,6,11,18,23,26,29,31,32,33,35,38,40,40,40,41,41,37,38,39,40,41,41,44,50,55,57,58,58,58,58,60,61,61,66,68,69,69,69,70,71,73,74,75,75,76,76,77,79,81,84,85,86,86,87
8,Biobío,8104,Florida,11841,0,0,0,0,0,0,0,0,0,0,0,0,0,0,0,0,0,0,0,2,2,2,2,2,2,2,2,2,2,2,3,4,4,4,4,4,4,4,4,4,3,3,3,3,3,3,3,3,3,3,3,3,3,3,3,3,3,3,3,3,3,3,3,3,3,3,3,3,4
8,Biobío,8105,Hualqui,26201,0,0,0,0,0,0,0,0,0,0,0,0,0,0,0,0,0,3,3,3,5,6,7,7,7,7,7,7,7,8,9,9,11,13,14,15,15,16,17,18,19,19,19,19,19,20,20,20,20,20,20,20,20,20,20,20,20,21,21,21,21,22,23,23,24,25,26,26,27
8,Biobío,8106,Lota,45750,0,0,0,0,0,0,0,0,0,0,0,0,0,0,0,0,0,0,0,1,1,1,1,1,1,1,1,1,1,1,1,1,1,1,1,1,1,1,1,1,1,1,1,1,1,1,1,1,2,2,2,3,4,6,9,11,12,13,13,14,14,15,18,20,24,25,28,30,32
8,Biobío,8107,Penco,266798,0,0,0,0,0,0,0,0,0,0,0,0,0,0,0,0,0,1,2,3,4,5,5,5,5,5,5,7,8,9,10,11,11,12,14,15,15,15,16,17,17,18,18,18,18,19,19,19,20,20,20,20,20,20,20,20,20,21,21,21,21,22,22,22,23,23,23,23,24
8,Biobío,8108,San Pedro de la Paz,145906,0,0,0,1,1,2,3,3,4,7,9,10,12,14,17,18,30,50,53,56,60,62,63,67,71,72,73,76,78,80,80,75,75,75,81,83,85,87,93,97,99,99,99,99,99,100,100,100,104,105,106,106,107,108,109,110,111,112,112,114,115,117,118,118,119,121,125,129,133
8,Biobío,8109,Santa Juana,14779,0,0,0,0,0,0,0,0,0,0,0,0,0,0,0,0,0,0,0,0,0,0,0,0,0,0,0,0,0,0,0,0,0,0,1,1,1,1,1,2,2,2,2,2,2,2,2,2,2,2,2,2,2,2,2,2,2,2,2,2,2,2,2,2,2,2,2,2,2
8,Biobío,8110,Talcahuano,158345,0,0,0,0,0,0,0,0,0,0,0,0,0,0,0,0,0,23,26,29,33,35,36,40,45,46,46,50,53,56,70,82,83,85,92,95,97,97,97,97,90,93,94,95,96,100,102,103,107,108,109,110,112,115,118,122,124,127,128,131,133,136,138,140,143,146,152,156,161
8,Biobío,8111,Tomé,58729,0,0,0,0,0,0,1,1,1,1,2,2,3,3,4,4,5,6,8,9,18,22,25,27,30,30,30,33,35,37,37,37,37,37,39,40,41,43,46,49,50,50,50,50,50,50,50,50,50,50,49,49,49,49,50,56,58,63,63,64,65,67,68,69,71,71,72,72,73
8,Biobío,8112,Hualpén,97273,0,0,0,0,0,0,0,0,0,0,0,0,0,0,0,0,0,39,45,50,59,63,67,70,74,79,83,87,90,93,93,65,67,70,74,76,77,82,92,99,103,104,104,104,104,104,104,103,111,114,115,116,117,118,120,121,122,123,124,126,127,130,131,132,133,135,138,140,142
8,Biobío,8201,Lebu,27100,0,0,0,0,0,0,0,0,0,0,0,0,0,0,0,0,0,0,0,0,0,0,0,0,0,0,0,0,0,0,0,0,0,0,0,0,0,0,0,0,0,0,0,0,0,0,0,0,0,0,0,0,0,0,0,1,1,2,2,2,2,2,2,2,2,2,2,2,2
8,Biobío,8202,Arauco,38679,0,0,0,0,0,0,0,0,0,0,0,0,0,0,0,0,0,5,6,6,6,6,6,6,6,6,6,6,6,6,6,5,5,6,6,6,6,6,6,6,6,6,6,6,6,6,6,6,6,6,6,7,8,9,11,13,14,15,15,15,15,15,16,17,18,20,23,25,28
8,Biobío,8203,Cañete,37003,0,0,0,0,0,0,0,0,0,0,0,0,0,0,0,0,0,0,0,0,0,0,0,0,0,0,0,0,0,0,0,0,0,0,0,0,0,0,0,0,0,0,0,0,0,0,0,0,0,0,0,0,0,0,1,1,1,0,0,0,0,0,0,0,0,1,2,2,3
8,Biobío,8204,Contulmo,6330,0,0,0,0,0,0,0,0,0,0,0,0,0,0,0,0,0,0,0,0,0,0,0,0,0,0,0,0,0,0,0,0,0,0,0,0,0,0,0,0,0,0,0,0,0,0,0,0,0,0,0,0,0,0,0,0,0,0,0,0,0,0,0,0,0,0,0,0,0
8,Biobío,8205,Curanilahue,33892,0,0,0,0,0,0,0,0,0,0,0,0,0,0,0,0,0,1,1,1,1,1,1,1,1,1,1,1,1,1,1,1,1,1,1,1,1,1,1,2,2,2,2,2,2,2,2,1,1,1,1,1,1,2,3,3,3,3,3,3,3,4,4,4,5,5,5,5,5
8,Biobío,8206,Los Álamos,22524,0,0,0,0,0,0,0,0,0,0,0,0,0,0,0,0,0,0,0,0,0,0,0,0,0,0,0,0,0,0,0,0,0,0,0,0,0,0,0,1,1,1,1,1,1,1,1,1,1,1,1,1,1,1,1,1,1,1,1,1,1,1,1,1,1,1,1,1,1
8,Biobío,8207,Tirúa,11019,0,0,0,0,0,0,0,0,0,0,0,0,0,0,0,0,0,0,0,2,3,4,4,4,4,4,4,4,4,4,4,4,4,4,4,4,4,4,4,4,4,4,4,4,4,4,4,4,4,4,4,4,4,4,4,4,4,4,4,4,4,4,4,4,4,4,4,4,4
8,Biobío,8301,Los Ángeles,218515,0,0,0,0,1,1,2,2,3,4,5,6,7,8,10,11,13,15,15,12,15,16,17,19,22,22,22,22,22,22,24,25,25,26,28,29,30,30,30,31,31,31,31,31,31,31,31,31,31,31,31,31,31,32,33,38,40,45,48,56,61,71,80,86,96,103,116,125,137
8,Biobío,8302,Antuco,4306,0,0,0,0,0,0,0,0,0,0,0,0,0,0,0,0,0,0,0,0,0,0,0,0,0,0,0,0,0,0,0,0,0,0,0,0,0,0,0,0,0,0,0,0,0,0,0,0,0,0,0,0,0,0,1,1,1,2,2,2,2,3,3,3,4,4,4,4,4
8,Biobío,8303,Cabrero,30725,0,0,0,0,0,0,0,0,0,0,0,0,0,0,0,0,0,0,0,1,1,1,1,1,1,3,4,5,6,7,8,8,8,9,9,9,9,10,11,12,13,14,15,15,15,16,16,16,16,16,16,17,18,20,22,22,22,22,22,22,22,23,23,23,24,24,25,25,26
8,Biobío,8304,Laja,23873,0,0,0,0,0,0,0,0,0,0,0,0,0,0,0,0,0,2,3,3,4,5,5,5,5,5,5,5,5,6,7,7,7,7,7,7,7,8,9,10,10,11,12,12,12,12,12,12,12,12,12,12,13,14,15,19,21,24,26,32,35,42,45,47,51,52,53,53,54
8,Biobío,8305,Mulchén,31041,0,0,0,0,0,0,0,0,0,0,0,0,0,0,0,0,0,5,5,5,5,5,5,5,5,5,5,5,5,5,5,5,5,5,5,5,5,5,5,5,5,5,5,5,5,5,5,5,6,6,6,6,6,6,7,8,8,9,9,9,9,10,10,10,11,11,11,11,11
8,Biobío,8306,Nacimiento,27944,0,0,0,0,0,0,0,0,0,0,0,0,0,0,0,0,0,2,2,2,2,2,2,3,4,5,5,7,8,9,10,10,10,10,10,10,10,10,10,10,10,10,10,10,10,10,10,10,11,12,12,13,14,15,16,18,19,20,20,20,20,21,22,23,24,25,26,27,28
8,Biobío,8307,Negrete,10429,0,0,0,0,0,0,0,0,0,0,0,0,0,0,0,0,0,0,0,0,0,0,1,1,2,2,2,2,2,2,2,2,2,2,2,2,2,2,2,2,2,2,2,2,2,2,2,2,2,2,2,2,2,2,2,3,4,5,5,6,7,9,11,13,16,18,21,23,25
8,Biobío,8308,Quilaco,4179,0,0,0,0,0,0,0,0,0,0,0,0,0,0,0,0,0,0,0,0,0,0,0,0,0,0,0,0,0,0,0,0,0,0,0,0,0,0,0,0,0,0,0,0,0,0,0,0,0,0,0,0,0,0,0,0,0,0,0,0,0,0,0,0,0,0,0,0,0
8,Biobío,8309,Quilleco,10032,0,0,0,0,0,0,0,0,0,0,0,0,0,0,0,0,0,0,0,0,0,0,0,0,0,0,0,0,0,0,0,0,0,0,1,1,1,1,1,1,1,1,1,0,0,0,0,0,0,0,0,0,0,0,0,0,0,0,0,0,0,0,0,0,0,0,0,0,0
8,Biobío,8310,San Rosendo,3611,0,0,0,0,0,0,0,0,0,0,0,0,0,0,0,0,0,0,0,0,0,0,0,0,0,0,0,0,0,0,0,0,0,0,0,0,0,0,0,0,0,0,0,0,0,0,0,0,0,0,0,0,0,0,0,0,0,0,0,0,0,0,1,1,2,2,2,2,2
8,Biobío,8311,Santa Bárbara,14592,0,0,0,0,0,0,0,0,0,0,0,0,0,0,0,0,0,2,2,2,2,2,2,2,2,2,2,2,2,2,3,3,3,3,3,3,3,3,3,3,3,3,3,2,2,2,2,2,2,2,2,2,2,2,2,2,2,2,2,4,5,7,9,10,13,13,13,13,14
8,Biobío,8312,Tucapel,15205,0,0,0,0,0,0,0,0,0,0,0,0,0,0,0,0,0,0,0,0,0,0,0,0,1,1,1,1,1,1,1,0,0,1,1,1,1,1,1,1,1,1,1,1,1,1,1,1,1,1,1,1,1,1,1,1,1,1,1,1,1,1,2,3,4,4,4,4,4
8,Biobío,8313,Yumbel,22132,0,0,0,0,0,0,1,1,1,2,2,3,3,4,5,5,5,5,5,5,5,5,5,5,5,5,5,5,5,5,5,5,5,5,6,6,6,6,6,6,6,6,6,6,6,6,6,6,7,7,7,7,8,9,10,12,13,14,14,14,14,14,14,14,14,14,14,14,14
8,Biobío,8314,Alto Biobío,6775,0,0,0,0,0,0,0,0,0,0,0,0,0,0,0,0,0,0,0,0,0,0,0,0,0,0,0,0,0,0,1,1,1,1,1,1,1,1,1,1,0,0,0,0,0,0,0,0,0,0,0,0,0,0,0,0,0,0,0,0,0,0,0,0,0,0,0,0,1
9,Araucanía,9101,Temuco,302931,0,1,1,2,4,6,9,17,25,37,46,69,89,110,128,154,195,225,260,293,318,336,365,385,407,424,443,452,464,471,495,506,534,547,563,575,605,618,624,632,644,652,657,665,667,670,673,673,678,682,683,691,695,704,711,716,730,734,737,739,747,752,761,769,782,785,787,791,793
9,Araucanía,9102,Carahue,25486,0,0,0,0,0,0,0,0,0,0,0,0,0,0,0,0,0,2,2,2,2,2,3,4,6,6,6,10,15,18,19,20,21,22,23,24,26,27,28,29,30,30,30,31,31,31,31,30,32,34,34,34,34,35,35,35,36,36,36,36,36,35,35,35,36,37,37,38,39
9,Araucanía,9103,Cunco,18055,0,0,0,0,0,0,0,0,0,0,0,0,0,0,0,0,0,0,0,0,0,0,5,5,5,5,5,5,5,5,6,6,6,6,6,6,6,6,6,6,6,6,6,6,6,6,6,5,5,5,5,5,5,6,6,6,6,6,6,6,6,6,6,6,7,11,13,17,20
9,Araucanía,9104,Curarrehue,7802,0,0,0,0,0,0,0,0,0,0,0,0,0,0,0,0,0,2,3,3,3,3,3,3,4,4,4,4,4,4,4,4,4,4,4,4,4,4,4,4,4,4,4,4,4,4,4,4,4,4,4,4,4,4,4,4,4,4,4,4,4,4,4,4,4,4,4,4,4
9,Araucanía,9105,Freire,25446,0,0,0,0,0,0,0,0,0,0,0,0,0,0,0,0,0,2,4,5,5,5,5,5,5,5,5,5,5,5,5,5,5,5,5,5,6,6,6,6,7,7,7,7,7,7,7,7,7,7,7,7,7,7,7,7,9,9,11,12,16,19,21,23,26,27,27,28,29
9,Araucanía,9106,Galvarino,12633,0,0,0,0,0,0,0,0,0,0,0,0,0,0,0,0,0,1,1,1,1,1,2,2,2,2,2,2,2,2,2,2,2,2,2,2,2,2,2,2,2,2,2,2,2,2,2,2,2,2,2,3,3,4,4,4,4,4,4,4,4,4,4,4,4,4,4,4,3
9,Araucanía,9107,Gorbea,15148,0,0,0,0,0,0,0,0,1,1,1,2,2,3,3,4,5,6,7,7,8,9,10,10,10,10,10,10,10,10,10,10,10,10,10,10,10,11,11,11,12,12,12,12,12,12,12,12,12,12,12,12,12,13,13,13,13,13,13,13,14,14,14,14,15,16,16,17,17
9,Araucanía,9108,Lautaro,40746,0,0,0,0,0,0,0,0,0,0,0,0,0,0,0,0,0,8,9,10,12,14,16,17,19,19,19,20,21,22,24,25,26,27,28,29,30,31,32,33,34,35,36,38,38,38,38,38,39,40,40,41,42,44,45,47,52,53,53,53,54,55,55,55,55,55,55,56,56
9,Araucanía,9109,Loncoche,24739,0,0,0,0,0,0,0,0,0,0,0,0,0,0,0,0,0,2,3,4,4,4,4,5,6,6,6,6,6,6,8,9,9,9,9,9,9,9,9,9,9,9,9,10,12,15,18,18,18,18,18,19,19,20,20,20,20,20,20,20,20,20,20,20,20,20,20,21,21
9,Araucanía,9110,Melipeuco,6265,0,0,0,0,0,0,0,0,0,0,0,0,0,0,0,0,0,0,0,0,0,0,0,0,0,0,0,0,0,0,0,0,0,0,0,0,0,0,0,0,0,0,0,0,0,0,0,0,0,0,0,0,0,0,0,0,0,0,0,0,0,0,0,0,0,0,0,0,0
9,Araucanía,9111,Nueva Imperial,11567,0,0,0,0,0,0,0,0,0,0,0,0,0,0,0,0,0,2,7,11,13,14,16,18,20,21,22,23,24,25,30,32,33,34,35,36,37,37,37,37,36,39,41,44,45,46,47,47,47,47,47,47,47,47,41,42,44,44,45,46,50,52,52,52,52,52,52,52,52
9,Araucanía,9112,Padre Las Casas,82110,0,0,0,0,0,0,1,1,1,2,3,4,5,6,7,9,12,14,24,33,37,40,44,46,49,49,49,49,49,49,51,52,56,58,61,64,71,73,74,76,78,81,83,87,90,94,98,98,99,99,99,99,99,100,100,100,101,101,103,105,111,115,116,117,119,121,122,125,127
9,Araucanía,9113,Perquenco,7223,0,0,0,0,0,0,0,0,0,0,0,0,0,0,0,0,0,1,2,2,2,2,1,1,2,2,2,2,3,3,3,3,4,4,5,5,6,6,6,6,6,6,6,6,6,6,6,5,5,5,5,5,5,5,5,5,5,5,5,5,5,5,5,5,5,5,5,5,5
9,Araucanía,9114,Pitrufquén,26096,0,0,0,0,0,0,0,0,1,1,1,2,2,3,3,4,5,6,7,7,8,9,11,11,12,12,12,13,15,16,17,18,18,17,18,18,19,19,19,19,19,19,19,19,19,20,20,20,20,20,20,20,20,20,18,18,18,18,18,18,18,18,19,19,20,21,22,24,25
9,Araucanía,9115,Pucón,29782,0,0,0,0,0,0,0,0,0,0,0,0,0,0,0,0,0,3,3,3,3,3,4,4,5,5,5,5,5,5,6,6,9,10,10,10,11,11,11,11,12,13,13,14,14,14,14,14,14,14,14,15,15,16,16,16,16,16,16,16,17,17,17,17,18,18,18,19,19
9,Araucanía,9116,Saavedra,12793,0,0,0,0,0,0,0,0,0,0,0,0,0,0,0,0,0,0,0,1,1,1,1,1,1,1,1,1,1,1,1,0,1,1,3,4,8,10,11,13,15,15,15,16,18,21,24,24,29,32,33,36,37,40,42,44,50,52,54,56,63,67,69,71,74,76,77,79,80
9,Araucanía,9117,Teodoro Schmidt,15786,0,0,0,0,0,0,0,0,0,0,0,0,0,0,0,0,0,4,4,2,2,2,3,3,3,3,4,4,5,5,5,5,5,5,5,5,5,5,5,5,6,6,6,6,6,6,6,6,6,6,6,6,6,6,5,5,5,5,5,5,5,5,5,5,5,6,6,7,7
9,Araucanía,9118,Toltén,10055,0,0,0,0,0,0,0,0,0,0,0,0,0,0,0,0,0,3,4,4,4,4,5,6,7,7,7,7,7,7,7,6,6,6,6,6,6,6,6,6,6,6,6,6,6,6,6,6,6,6,6,7,7,8,8,8,8,8,8,8,8,8,8,8,8,8,8,8,8
9,Araucanía,9119,Vilcún,30766,0,0,0,0,0,0,0,0,1,1,1,2,2,3,3,4,5,5,8,11,13,15,18,19,20,20,20,21,23,24,26,27,28,29,31,33,37,38,38,38,39,39,39,39,40,42,44,44,45,45,45,46,46,47,48,48,50,50,51,52,56,58,59,59,60,61,61,62,63
9,Araucanía,9120,Villarrica,59103,0,0,0,0,0,0,0,0,0,0,0,0,0,0,0,0,0,4,5,6,8,9,11,13,15,15,15,16,17,18,19,19,19,17,17,17,18,18,18,18,19,19,19,19,19,20,20,20,20,20,20,20,20,21,21,21,22,22,22,22,22,21,21,21,22,22,22,22,22
9,Araucanía,9121,Cholchol,12341,0,0,0,0,0,0,0,0,0,0,0,0,0,0,0,0,0,2,3,3,3,3,2,2,3,3,4,4,4,4,4,4,5,5,5,5,5,5,5,5,5,5,5,5,5,6,6,6,6,6,6,6,6,6,4,4,4,4,4,4,5,5,5,5,5,5,5,6,6
9,Araucanía,9201,Angol,56058,0,0,0,0,0,0,0,1,1,2,2,3,4,5,6,7,10,13,13,12,13,14,15,19,23,23,24,25,27,28,33,36,37,38,41,44,51,59,63,68,75,77,78,80,87,97,105,106,108,110,110,111,111,112,112,113,117,118,119,119,121,122,123,123,124,125,125,126,127
9,Araucanía,9202,Collipulli,26148,0,0,0,0,0,0,0,0,0,0,0,0,0,0,0,0,0,0,0,0,0,0,0,0,0,0,0,0,0,1,1,1,1,0,0,0,1,1,1,1,2,2,2,3,3,4,4,4,4,4,4,5,5,6,6,6,6,6,6,6,6,6,6,6,7,8,9,11,12
9,Araucanía,9203,Curacautín,18178,0,0,0,0,0,0,0,0,0,0,0,0,0,0,0,0,0,0,0,0,0,0,2,2,3,4,5,5,5,5,5,5,5,5,5,5,5,5,5,5,6,6,6,6,6,6,6,5,6,6,6,6,6,6,6,6,7,7,7,7,7,7,7,7,7,7,7,7,7
9,Araucanía,9204,Ercilla,8458,0,0,0,0,0,0,0,0,0,0,0,0,0,0,0,0,0,0,0,0,0,0,0,0,2,2,2,2,3,3,3,3,4,4,5,6,7,7,7,7,8,8,8,8,9,10,10,10,10,10,10,10,10,11,11,11,11,11,11,11,11,11,11,11,11,11,11,11,11
9,Araucanía,9205,Lonquimay,11049,0,0,0,0,0,0,0,0,0,0,0,0,0,0,0,0,0,0,0,0,0,0,0,0,0,0,0,0,0,0,0,0,0,0,0,0,0,0,0,0,0,0,0,0,0,0,0,0,0,0,0,1,2,4,5,6,8,9,10,11,15,18,22,25,31,38,41,50,55
9,Araucanía,9206,Los Sauces,7517,0,0,0,0,0,0,0,0,0,0,0,0,0,0,0,0,0,0,0,0,0,0,0,0,0,0,0,0,0,0,0,0,0,0,0,0,0,0,0,0,0,0,0,0,0,1,1,1,1,1,1,1,1,1,1,1,1,1,1,1,1,1,1,1,1,1,1,1,1
9,Araucanía,9207,Lumaco,10050,0,0,0,0,0,0,0,0,0,0,0,0,0,0,0,0,0,0,0,0,0,0,0,0,0,0,0,0,0,0,0,0,0,0,0,0,0,0,0,0,0,0,0,1,2,4,6,6,6,6,6,6,6,7,7,7,7,7,7,7,7,7,7,7,7,7,7,8,8
9,Araucanía,9208,Purén,12188,0,0,0,0,0,0,0,0,0,0,0,0,0,0,0,0,0,1,1,1,1,1,2,2,2,2,2,2,2,2,2,2,2,2,2,2,2,2,2,2,2,2,2,2,2,3,3,3,4,4,4,5,5,6,6,6,7,7,7,7,7,7,7,7,7,7,7,7,7
9,Araucanía,9209,Renaico,10833,0,0,0,0,0,0,0,0,0,0,0,0,0,0,0,0,0,0,0,0,0,0,0,0,1,1,1,1,2,2,2,2,2,2,2,2,3,3,3,3,4,4,4,4,4,4,4,4,5,5,5,7,8,10,12,12,12,12,12,12,13,14,15,15,16,17,17,18,19
9,Araucanía,9210,Traiguén,19314,0,0,0,0,0,0,0,0,0,0,0,0,0,0,0,0,0,0,0,0,0,0,0,0,0,0,1,1,2,2,2,2,2,2,2,2,3,3,3,3,3,3,3,3,3,3,3,2,2,2,2,2,2,2,2,2,2,2,2,2,3,3,4,4,5,6,6,7,8
9,Araucanía,9211,Victoria,35467,0,0,0,0,0,0,0,1,1,1,1,2,3,4,4,5,6,7,9,11,11,11,12,13,15,15,15,15,15,15,15,13,13,13,17,20,28,37,41,47,55,56,57,58,61,66,70,70,71,71,71,73,74,76,78,78,78,78,78,78,79,80,80,80,80,80,80,81,81
10,Los Lagos,10101,Puerto Montt,269398,0,0,0,2,4,5,5,6,9,10,12,16,17,25,28,34,38,44,44,25,30,33,35,36,37,38,39,53,61,68,71,73,74,76,76,76,75,75,75,75,73,73,73,73,73,73,73,52,52,52,52,52,52,52,52,53,53,54,54,60,61,62,62,62,63,65,69,79,88
10,Los Lagos,10102,Calbuco,36744,0,0,0,0,1,1,1,1,1,1,1,2,2,3,3,4,4,5,5,5,5,5,5,5,5,5,5,6,7,7,7,5,6,8,8,8,6,6,6,7,7,7,7,7,7,7,7,7,7,7,7,7,7,7,7,7,7,8,8,8,8,8,8,8,8,8,8,8,8
10,Los Lagos,10103,Cochamó,4006,0,0,0,0,0,0,0,0,0,0,0,0,0,0,0,0,0,0,0,0,0,0,0,0,0,0,0,0,0,0,0,0,0,1,1,1,1,1,1,1,1,1,1,1,1,1,1,1,1,1,1,1,1,1,1,1,1,1,1,1,1,1,1,1,1,1,1,1,1
10,Los Lagos,10104,Fresia,12656,0,0,0,0,0,0,0,0,0,0,0,0,0,0,0,0,0,0,0,0,0,0,0,0,0,0,0,0,0,0,0,0,0,1,1,1,1,1,1,1,0,0,0,0,0,0,0,0,0,0,0,0,0,0,0,0,0,0,0,0,0,0,0,0,0,0,0,0,0
10,Los Lagos,10105,Frutillar,20223,0,0,0,0,0,0,0,0,0,0,0,0,0,0,0,0,0,0,0,1,2,3,3,3,3,3,3,4,5,5,6,6,6,6,6,6,6,6,6,6,6,6,6,6,6,6,6,6,6,6,6,6,6,6,6,6,6,6,6,7,7,7,7,7,7,7,7,7,7
10,Los Lagos,10106,Los Muermos,17817,0,0,0,0,0,0,0,0,0,0,0,0,0,0,0,0,0,1,1,1,1,1,1,1,1,1,1,1,1,1,1,1,1,1,1,1,1,1,1,1,1,1,1,1,1,1,1,1,1,1,1,1,1,1,1,1,1,2,2,2,2,2,2,2,2,2,2,2,2
10,Los Lagos,10107,Llanquihue,18621,0,0,0,0,0,0,0,0,0,0,0,0,0,0,0,0,0,0,0,0,0,0,0,0,0,0,0,0,0,3,3,1,1,2,2,2,1,1,1,1,1,1,1,1,1,1,1,1,1,1,1,1,1,1,1,2,4,6,6,6,6,6,6,6,6,6,6,6,6
10,Los Lagos,10108,Maullín,14894,0,0,0,0,0,0,0,0,0,0,0,0,0,0,0,0,0,0,0,0,0,0,0,0,0,0,1,1,1,1,1,1,1,2,2,2,1,1,1,1,1,1,1,1,1,1,1,1,1,1,1,1,1,1,1,1,1,1,1,1,1,1,2,2,3,4,6,10,14
10,Los Lagos,10109,Puerto Varas,48620,0,0,0,0,0,0,0,0,0,0,0,0,0,0,0,0,0,1,1,2,3,4,4,4,3,3,3,4,5,6,7,7,7,8,8,8,8,8,8,9,9,9,9,9,9,9,9,9,9,9,8,8,8,8,8,8,8,8,8,8,8,8,8,8,9,9,9,10,11
10,Los Lagos,10201,Castro,47607,0,0,0,0,0,0,0,0,0,0,0,0,0,0,0,0,0,1,1,1,2,3,4,5,6,7,7,7,7,7,7,7,7,7,7,7,7,7,7,7,7,7,7,7,7,7,7,8,8,8,8,8,8,8,7,7,7,7,7,8,8,8,8,8,8,8,8,8,8
10,Los Lagos,10202,Ancud,42458,0,0,0,0,0,0,0,0,0,0,0,0,0,0,0,0,0,0,0,0,0,0,0,0,2,3,3,3,3,3,3,3,3,3,5,7,8,8,8,9,9,9,9,9,9,9,9,10,13,14,15,15,21,22,23,29,38,48,48,57,58,60,62,64,66,67,70,77,83
10,Los Lagos,10203,Chonchi,16013,0,0,0,0,0,0,0,0,0,0,0,0,0,0,0,0,0,0,0,0,0,0,0,0,0,0,0,0,0,0,0,0,0,0,0,0,0,0,0,0,0,0,0,0,0,0,0,0,0,0,0,0,0,0,0,0,0,0,0,0,0,0,0,0,0,0,0,0,0
10,Los Lagos,10204,Curaco de Vélez,4066,0,0,0,0,0,0,0,0,0,0,0,0,0,0,0,0,0,0,0,0,0,0,0,0,0,0,0,0,0,0,0,0,0,0,0,0,0,0,0,0,0,0,0,0,0,0,0,0,0,0,0,0,0,0,0,0,0,0,0,0,0,0,0,0,0,0,0,0,0
10,Los Lagos,10205,Dalcahue,15069,0,0,0,0,0,0,0,0,0,0,0,0,0,0,0,0,0,0,0,0,0,0,0,0,0,0,0,0,0,0,0,0,0,0,0,0,0,0,0,0,0,0,0,0,0,0,0,0,0,0,0,0,0,0,0,0,0,0,0,0,0,0,0,0,0,0,0,1,2
10,Los Lagos,10206,Puqueldón,4201,0,0,0,0,0,0,0,0,0,0,0,0,0,0,0,0,0,0,0,0,0,0,0,0,0,0,0,0,0,0,0,0,0,0,0,0,0,0,0,0,0,0,0,0,0,0,0,0,0,0,0,0,0,0,0,0,0,0,0,0,0,0,0,0,0,0,0,0,0
10,Los Lagos,10207,Queilén,5543,0,0,0,0,0,0,0,0,0,0,0,0,0,0,0,0,0,0,0,0,0,0,0,0,0,0,0,0,0,0,0,0,0,0,0,0,0,0,0,0,0,0,0,0,0,0,0,0,0,0,0,0,0,0,0,0,0,0,0,0,0,0,0,0,0,0,0,0,0
10,Los Lagos,10208,Quellón,29309,0,0,0,0,0,0,0,0,0,0,0,0,0,0,0,0,0,0,0,0,0,0,0,0,0,0,0,0,0,0,0,0,0,0,0,0,0,0,0,0,0,0,0,0,0,0,0,0,1,1,1,1,1,1,1,1,1,1,1,1,1,1,1,1,1,1,1,1,1
10,Los Lagos,10209,Quemchi,8783,0,0,0,0,0,0,0,0,0,0,0,0,0,0,0,0,0,0,0,0,0,0,0,0,0,0,0,0,0,0,0,0,0,0,0,0,0,0,0,0,0,0,0,0,0,0,0,0,0,0,0,0,0,0,0,0,0,0,0,0,0,0,0,0,0,0,1,3,4
10,Los Lagos,10210,Quinchao,8298,0,0,0,0,0,0,0,0,0,0,0,0,0,0,0,0,0,1,1,1,1,1,1,1,1,1,1,1,1,1,1,1,1,1,1,1,1,1,1,1,1,1,1,1,1,1,1,1,1,1,1,1,1,1,1,1,1,1,1,1,1,1,1,1,1,1,1,1,1
10,Los Lagos,10301,Osorno,173410,1,1,1,4,8,9,10,12,17,19,23,31,32,48,54,66,89,120,138,163,176,185,190,196,207,215,220,226,229,232,237,241,244,249,254,261,265,268,273,276,278,279,281,282,282,286,292,306,311,312,315,315,318,319,320,321,322,324,325,336,338,340,340,340,341,341,341,342,343
10,Los Lagos,10302,Puerto Octay,9192,0,0,0,0,0,0,0,0,0,0,0,0,0,0,0,0,0,1,1,1,1,1,1,1,1,1,1,1,1,1,1,1,1,1,1,1,1,1,1,2,2,3,4,4,4,4,4,4,4,4,3,3,4,5,5,5,5,5,5,5,5,5,5,5,5,5,5,5,5
10,Los Lagos,10303,Purranque,21080,0,0,0,0,0,0,0,0,0,0,0,0,0,0,0,0,0,1,3,5,5,5,5,7,11,14,16,16,16,16,16,16,16,16,16,16,16,16,16,17,17,17,17,17,17,17,18,19,21,22,23,23,26,27,27,27,27,27,27,29,29,30,30,30,30,30,30,31,32
10,Los Lagos,10304,Puyehue,11787,0,0,0,0,0,0,0,0,0,0,0,0,0,0,0,0,0,1,1,1,1,1,1,1,2,2,2,2,2,2,2,1,1,1,1,1,1,1,1,1,1,1,2,2,2,2,3,4,4,4,4,4,5,6,6,6,6,6,6,6,6,6,6,6,6,6,6,7,7
10,Los Lagos,10305,Río Negro,14275,0,0,0,0,0,0,0,0,0,0,0,0,0,0,0,0,0,0,0,1,1,1,1,1,1,2,2,2,3,3,3,3,3,4,4,4,4,4,4,5,5,5,5,5,5,6,7,10,12,12,13,13,16,17,18,18,18,19,19,23,24,25,25,25,25,25,25,26,26
10,Los Lagos,10306,San Juan de la Costa,7639,0,0,0,0,0,0,0,0,0,0,0,0,0,0,0,0,0,0,0,0,0,0,7,8,11,11,11,12,13,14,14,13,14,15,15,16,16,17,19,21,22,23,24,24,24,24,25,26,28,28,29,29,29,29,27,28,30,32,32,33,33,34,34,34,34,34,34,34,34
10,Los Lagos,10307,San Pablo,10553,0,0,0,0,0,0,0,0,0,0,0,0,0,0,0,0,0,1,1,2,2,2,2,3,6,6,6,6,6,6,6,6,6,6,7,8,8,8,8,8,8,8,8,8,8,8,8,9,10,10,10,10,10,10,9,9,9,9,9,9,9,9,9,9,10,10,10,10,10
10,Los Lagos,10401,Chaitén,5020,0,0,0,0,0,0,0,0,0,0,0,0,0,0,0,0,0,1,1,1,1,1,1,1,1,1,1,1,1,1,1,1,1,1,1,1,1,1,1,1,1,1,1,1,1,1,1,1,1,1,1,1,1,1,1,1,1,1,1,1,1,1,1,1,1,1,1,1,1
10,Los Lagos,10402,Futaleufú,2806,0,0,0,0,0,0,0,0,0,0,0,0,0,0,0,0,0,0,0,0,0,0,0,0,0,0,0,0,0,0,0,0,0,0,0,0,0,0,0,0,0,0,0,0,0,0,0,0,0,0,0,0,0,0,0,0,0,0,0,0,0,0,0,0,0,0,0,1,1
10,Los Lagos,10403,Hualaihué,9525,0,0,0,0,0,0,0,0,0,0,0,0,0,0,0,0,0,3,3,3,3,3,3,3,3,3,3,3,3,3,3,3,3,3,3,3,3,3,3,3,3,3,3,3,3,3,3,3,3,3,3,3,3,3,3,3,3,3,3,3,3,3,3,3,3,3,3,3,3
10,Los Lagos,10404,Palena,1827,0,0,0,0,0,0,0,0,0,0,0,0,0,0,0,0,0,0,0,0,0,0,0,0,0,0,0,0,0,0,0,0,0,0,0,0,0,0,0,0,0,0,0,0,0,0,0,0,0,0,0,0,0,0,0,0,0,0,0,0,0,0,0,0,0,0,0,0,0
11,Aysén,11101,Coyhaique,61210,0,0,0,0,0,0,0,0,0,0,0,0,0,0,0,0,0,2,2,2,2,2,1,1,1,1,1,1,1,2,2,2,2,2,2,2,3,3,3,3,3,3,3,3,3,3,3,2,2,2,2,2,2,3,3,3,3,3,3,3,3,3,3,3,3,3,3,3,3
11,Aysén,11102,Lago Verde,920,0,0,0,0,0,0,0,0,0,0,0,0,0,0,0,0,0,0,0,0,0,0,0,0,0,0,0,0,0,0,0,0,0,0,0,0,0,0,0,0,0,0,0,0,0,0,0,0,0,0,0,0,0,0,0,0,0,0,0,0,0,0,0,0,0,0,0,0,0
11,Aysén,11201,Aisén,25002,0,0,0,0,0,0,0,0,0,0,0,0,0,0,0,0,0,1,3,4,4,5,5,5,4,4,4,4,4,3,3,3,3,3,3,3,1,1,1,1,1,1,1,1,1,1,1,1,1,1,1,1,1,1,1,1,1,1,1,1,1,1,1,1,1,1,1,1,1
11,Aysén,11202,Cisnes,5828,0,0,0,0,0,0,0,0,0,0,0,0,0,0,0,0,0,0,0,0,0,0,0,0,0,0,0,0,0,0,0,0,0,0,0,0,0,0,0,0,0,0,0,0,0,0,0,0,0,0,0,0,0,0,0,0,0,0,0,0,0,0,0,0,0,0,0,0,0
11,Aysén,11203,Guaitecas,1599,0,0,0,0,0,0,0,0,0,0,0,0,0,0,0,0,0,0,0,0,0,0,0,0,0,0,0,0,0,0,0,0,0,0,0,0,0,0,0,0,0,0,0,0,0,0,0,0,0,0,0,0,0,0,0,0,0,0,0,0,0,0,0,0,0,0,0,0,0
11,Aysén,11301,Cochrane,3685,0,0,0,0,0,0,0,0,0,0,0,0,0,0,0,0,0,0,0,0,0,0,0,0,0,0,0,0,0,0,0,0,0,0,0,0,0,0,0,0,0,0,0,0,0,0,0,0,0,0,0,0,0,0,0,0,0,0,0,0,0,0,0,0,0,0,0,0,0
11,Aysén,11302,O'Higgins,661,0,0,0,0,0,0,0,0,0,0,0,0,0,0,0,0,0,0,0,0,0,0,0,0,0,0,0,0,0,0,0,0,0,0,0,0,0,0,0,0,0,0,0,0,0,0,0,0,0,0,0,0,0,0,0,0,0,0,0,0,0,0,0,0,0,0,0,0,0
11,Aysén,11303,Tortel,572,0,0,0,0,0,0,0,0,0,0,0,0,0,0,0,0,0,0,0,0,0,0,0,0,1,1,1,1,1,1,1,1,1,1,1,1,0,0,0,0,0,0,0,0,0,0,0,0,0,0,0,0,0,0,0,0,0,0,0,0,0,0,0,0,0,0,0,0,0
11,Aysén,11401,Chile Chico,5121,0,0,0,0,0,0,0,0,0,0,0,0,0,0,0,0,0,0,0,0,0,0,1,1,1,1,1,1,1,1,1,1,1,1,1,1,1,1,1,1,1,1,1,1,1,1,1,1,1,1,1,1,1,1,1,1,1,1,1,1,1,1,1,1,1,1,1,1,1
11,Aysén,11402,Río Ibáñez,2699,0,0,0,0,0,0,0,0,0,0,0,0,0,0,0,0,0,0,0,0,0,0,0,0,0,0,0,0,0,0,0,0,0,0,0,0,0,0,0,0,0,0,0,0,0,0,0,0,0,0,0,0,0,0,0,0,0,0,0,0,0,0,0,0,0,0,0,0,0
12,Magallanes,12101,Punta Arenas,141984,0,0,1,1,1,1,2,3,4,6,10,14,16,19,29,29,52,87,102,143,158,175,203,205,207,235,299,347,367,387,401,416,438,470,485,507,516,546,560,571,581,609,620,623,648,672,684,685,707,729,744,760,770,790,825,839,850,858,867,878,891,893,907,916,925,926,931,940,945
12,Magallanes,12102,Laguna Blanca,264,0,0,0,0,0,0,0,0,0,0,0,0,0,0,0,0,0,0,0,0,0,0,0,0,0,0,0,0,0,0,0,0,0,0,0,0,0,0,0,0,0,0,0,0,0,0,0,0,0,0,0,0,0,0,0,0,0,0,0,0,0,0,0,0,0,0,0,1,1
12,Magallanes,12103,Río Verde,211,0,0,0,0,0,0,0,0,0,0,0,0,0,0,0,0,0,0,0,0,0,0,0,0,0,0,0,0,0,0,0,0,0,0,0,0,0,0,0,0,0,0,0,0,0,0,0,0,0,0,0,0,0,0,0,0,0,0,0,0,0,0,0,0,0,0,0,0,0
12,Magallanes,12104,San Gregorio,681,0,0,0,0,0,0,0,0,0,0,0,0,0,0,0,0,0,0,0,0,0,0,0,0,0,0,0,0,0,0,0,0,0,0,0,0,0,0,0,0,0,0,0,0,0,0,0,0,0,0,0,0,0,0,1,1,1,1,1,1,2,2,2,2,2,2,2,3,3
12,Magallanes,12201,Cabo de Hornos,1983,0,0,0,0,0,0,0,1,1,1,2,2,3,3,5,5,5,6,6,6,7,8,10,10,11,12,13,16,17,18,18,18,18,18,18,18,17,17,17,17,17,18,19,19,19,19,19,19,19,19,19,19,19,19,19,19,20,20,20,20,20,20,20,20,20,20,20,21,21
12,Magallanes,12202,Antártica,137,0,0,0,0,0,0,0,0,0,0,0,0,0,0,0,0,0,0,0,0,0,0,0,0,0,0,0,0,0,0,0,0,0,0,0,0,0,0,0,0,0,0,0,0,0,0,0,0,0,0,0,0,0,0,0,0,0,0,0,0,0,0,0,0,0,0,0,0,0
12,Magallanes,12301,Porvenir,7323,0,0,0,0,0,0,0,0,0,0,0,0,0,0,0,0,0,2,2,2,2,2,3,3,3,3,3,4,4,4,4,4,4,5,6,7,8,8,8,8,8,8,8,8,8,8,8,8,8,8,8,8,8,8,9,9,9,9,9,9,9,9,9,9,9,9,9,9,9
12,Magallanes,12302,Primavera,694,0,0,0,0,0,0,0,0,0,0,0,0,0,0,0,0,0,0,0,0,0,0,0,0,0,0,0,0,0,0,0,0,0,1,1,1,1,1,1,1,1,1,1,1,1,1,1,1,1,1,1,1,1,1,1,1,1,1,1,1,1,1,1,1,1,1,1,1,1
12,Magallanes,12303,Timaukel,282,0,0,0,0,0,0,0,0,0,0,0,0,0,0,0,0,0,0,0,0,0,0,0,0,0,0,0,0,0,0,0,0,0,0,0,0,0,0,0,0,0,0,0,0,0,0,0,0,0,0,0,0,0,0,0,0,0,0,0,0,0,0,0,0,0,0,0,0,0
12,Magallanes,12401,Natales,23782,0,0,0,0,0,0,0,0,0,0,0,0,0,0,0,0,0,4,4,5,5,5,5,5,5,5,6,6,6,6,6,6,6,7,7,7,6,6,6,7,7,8,8,8,8,8,8,8,8,8,8,8,8,8,9,9,9,9,9,9,9,9,10,10,11,11,11,12,12
12,Magallanes,12402,Torres del Paine,1021,0,0,0,0,0,0,0,0,0,0,0,0,0,0,0,0,0,0,0,0,0,0,0,0,0,0,0,0,0,0,0,0,0,0,0,0,0,0,0,0,0,0,0,0,0,0,0,0,0,1,1,1,1,1,1,1,1,0,0,0,0,0,0,0,0,0,0,0,0
13,Metropolitana,13101,Santiago,503147,5,12,15,17,24,30,35,40,45,53,67,73,92,106,114,127,143,156,165,173,199,217,234,247,271,293,321,344,357,375,390,404,439,463,477,487,500,514,542,576,608,642,670,700,747,783,886,980,1099,1203,1294,1393,1466,1570,1666,1727,1813,1873,2005,2219,2432,2627,2725,2847,2961,3181,3432,3675,3935
13,Metropolitana,13102,Cerrillos,88956,0,0,0,0,0,0,0,0,0,0,0,0,0,0,0,0,0,4,4,4,4,5,5,7,11,15,21,24,26,29,34,39,44,48,50,51,53,55,58,62,66,71,75,80,88,94,112,129,172,209,241,259,272,291,308,314,323,329,347,376,405,432,448,467,485,520,560,598,639
13,Metropolitana,13103,Cerro Navia,142465,1,2,2,3,4,4,5,6,7,8,10,11,14,16,17,19,20,21,24,26,28,30,31,33,36,39,42,48,52,57,61,65,73,79,87,92,99,101,106,112,118,124,129,135,142,148,164,179,197,213,227,242,253,269,284,314,357,387,403,428,453,476,495,519,541,611,691,768,851
13,Metropolitana,13104,Conchalí,139195,1,1,2,2,3,3,4,4,5,6,7,8,10,12,13,14,16,18,20,22,26,29,32,34,38,42,47,49,50,52,54,56,61,64,70,74,80,82,87,93,98,104,108,113,125,134,162,187,228,264,295,324,346,377,406,425,452,470,497,541,585,626,650,680,708,788,880,968,1063
13,Metropolitana,13105,El Bosque,172000,1,2,2,2,3,4,5,6,6,8,9,10,13,15,16,18,24,28,32,35,36,37,37,40,46,54,64,72,77,83,88,93,101,107,115,120,127,129,134,140,145,157,167,177,187,194,216,236,251,264,275,302,322,351,377,395,421,439,469,518,567,612,646,688,728,795,872,946,1026
13,Metropolitana,13106,Estación Central,206792,1,2,2,2,3,4,4,5,6,7,8,9,12,13,14,16,19,22,24,25,30,33,36,38,41,50,61,65,68,71,81,89,96,101,108,113,120,125,136,149,162,179,192,207,229,246,296,341,381,416,447,482,508,544,578,608,650,679,727,805,883,954,997,1050,1100,1183,1277,1368,1466
13,Metropolitana,13107,Huechuraba,112528,1,2,2,2,3,4,5,5,6,7,9,10,12,14,15,17,18,19,21,22,26,29,32,33,35,36,38,42,45,48,51,53,57,59,62,64,66,67,70,74,77,79,80,82,87,91,103,113,127,139,150,169,183,202,220,233,251,263,283,315,346,375,386,400,413,471,537,601,669
13,Metropolitana,13108,Independencia,142065,1,1,2,2,3,4,4,5,5,6,8,9,11,13,14,15,16,17,20,22,24,25,26,28,31,34,37,43,47,52,56,60,72,80,93,102,115,126,147,172,196,214,229,246,277,301,369,431,493,547,594,658,706,774,836,882,947,992,1028,1087,1145,1199,1237,1285,1330,1413,1508,1600,1699
13,Metropolitana,13109,La Cisterna,100434,0,1,1,1,2,2,3,3,4,4,5,6,7,8,9,10,11,12,12,12,15,18,20,22,26,30,34,36,37,39,42,45,46,47,52,56,61,63,66,70,73,77,80,84,90,95,109,122,130,137,143,159,171,189,205,218,238,251,268,295,323,348,371,400,427,476,533,588,646
13,Metropolitana,13110,La Florida,402433,2,4,5,6,8,10,12,14,15,18,23,25,31,36,39,43,51,58,63,67,77,84,91,95,103,113,126,142,152,165,171,176,197,211,219,224,231,238,251,267,282,299,313,328,345,358,395,428,485,535,578,643,691,760,824,896,1000,1071,1153,1285,1417,1538,1640,1768,1887,2029,2191,2347,2514
13,Metropolitana,13111,La Granja,122557,0,0,1,1,1,1,1,2,2,2,3,3,4,4,5,5,7,8,12,16,19,22,24,25,26,30,36,40,43,46,49,51,56,60,63,66,69,70,73,77,80,86,90,95,102,108,124,138,159,177,193,215,231,254,276,297,327,348,398,479,560,635,683,743,800,904,1023,1137,1260
13,Metropolitana,13112,La Pintana,189335,0,0,0,0,0,0,0,0,0,0,0,0,0,0,0,0,0,10,12,13,15,17,18,20,25,31,39,46,50,55,63,70,81,88,95,100,107,110,115,122,128,153,173,195,207,216,244,269,298,323,345,382,409,447,483,506,539,561,610,689,768,840,907,990,1067,1149,1243,1334,1432
13,Metropolitana,13113,La Reina,100252,1,2,3,3,5,6,7,8,9,10,13,14,17,20,22,24,25,26,28,30,32,34,35,38,44,48,52,53,53,54,55,56,58,59,60,61,62,62,63,64,65,72,78,84,88,91,100,108,119,128,136,146,153,163,173,179,188,195,204,219,234,247,261,278,294,314,337,360,384
13,Metropolitana,13114,Las Condes,330759,8,17,21,24,35,42,50,57,64,75,95,104,131,152,163,181,196,208,216,224,239,249,258,261,266,273,281,287,291,296,301,306,314,320,322,324,326,329,334,340,346,349,352,355,364,371,391,409,435,457,477,516,545,587,626,659,706,738,777,840,903,961,997,1042,1084,1164,1256,1344,1439
13,Metropolitana,13115,Lo Barnechea,124076,3,6,8,9,13,16,19,21,24,28,36,39,49,57,61,68,74,78,82,85,90,94,97,100,105,107,110,113,114,116,121,125,136,144,149,152,157,159,162,166,170,179,186,194,201,207,223,238,251,263,273,302,323,353,381,393,410,422,439,467,495,520,536,557,576,614,657,698,742
13,Metropolitana,13116,Lo Espejo,103865,0,0,0,1,1,1,1,1,1,2,2,2,3,3,4,4,6,7,8,9,12,14,15,18,23,28,34,40,43,48,52,56,58,60,63,65,67,69,72,76,80,87,93,100,105,109,120,130,142,153,162,178,190,207,222,233,248,258,287,334,380,423,453,490,525,584,652,718,788
13,Metropolitana,13117,Lo Prado,104403,1,1,2,2,3,3,4,4,5,6,7,8,10,12,13,14,16,18,19,20,22,24,25,27,32,33,35,38,40,43,45,47,56,62,67,70,75,77,80,84,88,96,103,111,121,128,150,170,185,198,210,223,232,246,258,279,309,329,340,357,374,390,403,420,435,476,523,568,617
13,Metropolitana,13118,Macul,134635,0,1,1,1,2,2,3,3,4,4,5,6,7,8,9,10,13,15,19,23,28,31,34,35,37,40,43,46,47,49,50,51,55,57,60,62,64,67,74,82,89,97,103,110,114,117,127,136,153,168,181,205,223,248,272,291,318,336,369,422,475,524,567,621,671,734,806,875,949
13,Metropolitana,13119,Maipú,578605,2,4,5,6,8,10,12,14,15,18,23,25,31,36,39,43,50,55,60,64,72,78,83,91,106,133,167,182,191,203,223,241,267,284,295,302,312,319,333,349,364,377,388,399,412,422,452,480,518,551,580,617,644,682,718,755,808,844,908,1012,1116,1212,1252,1301,1347,1495,1663,1826,2000
13,Metropolitana,13120,Ñuñoa,250192,3,6,8,9,13,16,19,21,24,28,35,39,49,56,60,67,76,84,89,93,99,103,107,111,118,134,155,162,166,171,180,188,205,217,226,232,240,244,252,261,269,277,284,291,297,302,316,329,343,355,365,384,398,417,435,448,467,480,517,577,637,692,721,758,792,860,937,1011,1091
13,Metropolitana,13121,Pedro Aguirre Cerda,107803,0,1,1,1,1,2,2,2,2,3,4,4,5,6,6,7,10,13,13,13,14,15,16,17,19,26,36,44,48,54,63,70,75,78,82,85,89,92,97,103,109,116,122,129,137,144,163,180,199,215,229,246,259,277,294,310,333,349,380,430,480,525,564,612,657,710,770,828,890
13,Metropolitana,13122,Peñalolén,49865,1,3,4,4,6,7,9,10,11,13,16,18,22,26,28,31,39,46,50,54,59,62,65,70,78,87,98,112,120,131,134,137,152,162,172,178,187,190,196,203,209,226,239,254,265,274,299,322,353,380,404,448,481,527,570,631,719,779,845,952,1059,1157,1249,1363,1469,1625,1803,1975,2160
13,Metropolitana,13123,Providencia,157749,3,8,10,11,16,19,23,26,29,34,43,47,59,69,74,82,85,87,91,94,98,101,104,108,115,121,129,132,134,136,142,147,157,164,170,174,180,182,186,191,196,197,198,200,204,207,217,226,235,243,250,266,277,294,309,327,354,372,389,418,446,472,486,504,520,562,610,656,706
13,Metropolitana,13124,Pudahuel,253139,1,2,2,2,3,4,5,5,6,7,9,10,12,14,15,17,21,25,29,32,37,41,44,47,52,59,67,72,75,78,83,88,97,103,109,113,118,120,125,131,137,148,157,167,178,186,211,233,254,272,288,310,327,350,372,407,457,491,514,551,588,622,658,702,744,823,914,1001,1095
13,Metropolitana,13125,Quilicura,254694,1,2,2,2,3,4,5,5,6,7,9,10,12,14,15,17,24,29,31,33,41,46,51,53,57,67,79,85,89,94,98,101,108,112,118,123,129,134,143,154,164,191,212,236,267,291,360,423,470,511,546,602,644,703,758,778,806,826,870,942,1014,1080,1113,1154,1193,1283,1386,1486,1593
13,Metropolitana,13126,Quinta Normal,136368,1,2,2,3,4,5,6,7,7,9,11,12,15,18,19,21,23,25,30,35,38,40,41,47,57,62,69,75,79,84,95,105,117,125,134,140,149,152,158,165,172,180,187,194,205,214,239,262,279,293,306,325,339,359,377,401,435,459,477,506,534,560,580,604,627,684,749,812,879
13,Metropolitana,13127,Recoleta,190075,1,2,2,2,3,4,5,5,6,7,9,10,12,14,15,17,20,23,28,32,37,41,44,47,52,56,61,66,69,73,77,81,97,107,114,119,126,132,145,160,174,193,209,226,255,277,341,398,476,543,602,678,734,815,889,930,988,1028,1081,1167,1252,1330,1385,1453,1516,1656,1816,1970,2135
13,Metropolitana,13128,Renca,160847,0,1,1,1,2,2,2,3,3,4,5,5,7,8,8,9,12,14,16,18,18,19,19,20,22,25,28,34,37,42,46,50,62,70,75,78,82,85,92,100,107,116,123,131,140,147,167,185,212,235,255,278,295,319,342,364,396,418,434,460,486,510,538,573,605,687,780,870,967
13,Metropolitana,13129,San Joaquín,103485,1,1,2,2,2,3,4,4,5,5,7,7,9,11,12,13,19,24,26,28,31,34,36,38,42,46,52,55,56,58,63,68,78,84,90,95,101,103,108,113,118,129,139,149,155,159,172,183,215,243,267,301,326,362,395,418,452,475,519,590,662,727,779,844,904,999,1108,1213,1325
13,Metropolitana,13130,San Miguel,133059,1,2,3,3,5,6,7,8,9,10,13,14,18,21,23,25,29,32,36,39,43,46,49,51,56,62,69,76,80,86,92,97,105,111,119,124,131,134,139,146,152,160,166,173,180,185,200,213,229,243,255,280,299,326,350,366,389,405,433,478,522,563,593,630,665,744,834,921,1015
13,Metropolitana,13131,San Ramón,86510,0,0,0,0,0,0,0,0,0,0,0,0,0,0,0,0,0,6,8,9,9,9,9,10,12,15,18,19,19,20,24,27,30,32,36,39,42,45,51,59,66,75,82,90,99,106,126,144,173,198,220,248,269,299,327,343,365,381,426,499,572,638,662,691,719,798,888,975,1069
13,Metropolitana,13132,Vitacura,96774,3,8,10,11,16,19,23,26,29,35,44,48,60,69,75,83,87,90,95,100,106,110,114,114,114,116,119,122,124,127,128,128,129,130,131,131,132,132,132,133,133,135,136,138,140,142,147,152,157,161,164,176,185,199,211,223,240,251,264,285,306,325,338,355,370,396,426,454,485
13,Metropolitana,13201,Puente Alto,645909,2,4,5,6,9,11,12,14,16,19,24,26,33,38,41,45,52,58,67,76,94,107,119,135,166,198,239,274,294,322,350,374,433,472,506,529,562,578,611,651,688,716,739,764,785,801,847,889,980,1059,1129,1202,1256,1333,1404,1478,1584,1658,1747,1891,2034,2165,2345,2570,2780,2978,3205,3424,3658
13,Metropolitana,13202,Pirque,30433,0,0,0,0,0,0,0,0,0,0,0,0,0,0,0,0,0,2,2,2,3,4,4,4,4,6,9,9,9,10,11,12,13,13,13,13,14,14,15,16,16,17,18,19,21,22,26,30,35,39,43,45,47,49,51,53,56,58,64,74,83,92,96,102,107,114,121,128,136
13,Metropolitana,13203,San José de Maipo,18644,0,0,0,0,0,0,0,0,0,0,0,0,0,0,0,0,0,2,2,2,2,3,3,3,3,3,4,4,4,4,4,4,4,4,4,4,4,4,5,6,7,7,7,8,9,9,11,12,16,20,23,26,28,32,35,37,40,42,45,50,56,61,65,69,73,80,87,94,102
13,Metropolitana,13301,Colina,180353,1,3,4,4,6,8,9,10,11,13,17,18,23,27,29,32,36,39,43,47,48,49,50,54,62,64,66,69,71,74,76,77,79,81,84,87,90,91,92,94,95,98,100,103,107,110,120,129,138,145,152,173,188,210,230,247,272,289,313,353,393,429,447,469,490,556,631,703,781
13,Metropolitana,13302,Lampa,126898,0,1,1,1,2,2,3,3,4,4,5,6,7,8,9,10,10,10,12,13,13,14,14,15,18,22,26,31,34,37,39,41,43,45,46,47,48,49,52,55,58,62,65,68,73,77,87,96,104,111,117,132,143,158,172,179,190,197,211,234,257,278,286,296,306,341,382,421,463
13,Metropolitana,13303,Tiltil,21477,0,0,0,0,0,0,0,0,0,0,0,0,0,0,0,0,0,2,3,3,3,3,3,3,4,4,4,4,4,4,4,4,4,4,4,4,5,5,5,5,5,5,5,5,6,6,8,9,10,11,12,12,12,12,12,12,13,13,14,16,19,21,22,23,24,28,32,36,40
13,Metropolitana,13401,San Bernardo,334836,1,3,4,4,6,8,9,10,11,13,17,18,23,27,29,32,37,41,47,53,62,68,74,76,79,96,117,127,133,140,149,156,181,198,213,223,237,248,269,294,318,338,354,372,382,390,414,435,476,512,544,581,608,647,683,709,747,773,816,885,954,1018,1085,1169,1247,1374,1518,1658,1807
13,Metropolitana,13402,Buin,109641,0,1,1,1,1,2,2,2,2,3,4,4,5,6,6,7,8,8,11,14,17,19,20,20,20,24,29,32,34,36,38,40,42,43,45,46,47,48,50,52,53,56,58,60,63,66,74,81,85,89,92,98,102,108,114,125,141,152,163,181,199,216,228,244,258,281,307,332,358
13,Metropolitana,13403,Calera de Tango,28525,0,1,1,1,1,1,2,2,2,3,3,3,4,5,5,6,7,7,7,7,7,7,7,7,8,8,8,9,9,10,10,10,11,11,12,13,14,14,14,15,15,15,15,15,15,15,16,17,17,17,17,18,19,20,21,22,23,23,24,26,28,29,30,31,32,36,41,45,50
13,Metropolitana,13404,Paine,82766,0,0,0,0,0,0,0,0,0,0,0,0,0,0,0,0,0,3,3,3,3,3,3,3,3,5,7,7,7,8,9,9,10,10,10,10,11,11,12,13,13,14,14,15,16,17,19,21,23,25,26,32,36,42,47,50,54,56,65,80,95,108,113,120,126,138,151,164,177
13,Metropolitana,13501,Melipilla,141612,0,1,1,1,1,1,2,2,2,3,3,3,4,5,5,6,7,8,9,9,10,11,11,11,12,14,16,16,16,17,18,19,23,25,29,32,35,36,37,39,40,43,45,48,52,55,65,74,88,100,110,112,114,117,119,124,131,136,142,151,160,168,177,187,197,223,252,280,310
13,Metropolitana,13502,Alhué,7405,0,0,0,0,0,0,0,0,0,0,0,0,0,0,0,0,0,0,0,0,0,0,0,0,0,0,0,0,0,0,0,0,0,0,0,0,0,0,0,0,0,0,0,0,0,0,0,0,0,0,0,0,0,0,0,0,0,0,0,0,0,0,0,0,0,0,1,1,2
13,Metropolitana,13503,Curacaví,36430,0,0,1,1,1,1,1,2,2,2,3,3,4,4,5,5,5,5,5,5,6,7,8,8,9,9,10,11,12,13,14,14,14,14,14,14,14,14,14,15,15,15,15,15,16,16,18,19,21,22,23,24,24,25,25,28,32,35,40,49,57,65,70,77,83,90,99,107,116
13,Metropolitana,13504,María Pinto,14926,0,0,0,0,0,0,0,0,0,0,0,0,0,0,0,0,0,0,0,0,0,0,0,0,0,0,0,0,0,0,0,0,1,1,1,1,1,1,1,1,1,1,1,1,1,1,2,3,3,3,3,3,3,3,3,3,3,3,3,3,3,3,4,5,5,7,9,10,12
13,Metropolitana,13505,San Pedro,11953,0,0,0,0,0,0,0,0,0,0,0,0,0,0,0,0,0,0,0,0,0,0,0,0,0,0,0,0,0,0,0,0,0,0,0,0,1,1,1,2,2,2,2,2,3,4,6,8,9,10,10,11,11,12,12,13,14,15,15,16,17,17,17,18,18,20,22,23,25
13,Metropolitana,13601,Talagante,81838,0,0,0,0,0,0,0,0,0,0,0,0,0,0,0,0,0,5,6,6,8,10,11,12,14,16,18,19,20,21,23,24,25,26,26,26,27,27,28,29,30,31,32,33,34,34,36,37,39,41,42,44,45,47,48,54,62,68,71,77,83,88,93,99,105,116,129,142,155
13,Metropolitana,13602,El Monte,40014,0,0,0,0,0,0,0,0,0,0,0,0,0,0,0,0,0,1,2,2,3,4,5,6,7,8,9,9,9,10,10,10,11,12,12,12,12,12,12,13,13,14,15,16,17,18,20,21,21,21,21,22,23,24,24,25,27,29,29,30,31,31,37,45,52,58,65,72,80
13,Metropolitana,13603,Isla de Maipo,40171,0,0,0,0,0,0,0,0,0,0,0,0,0,0,0,0,0,1,1,1,2,3,4,5,7,8,10,10,10,10,11,11,11,11,11,11,11,11,11,11,11,12,12,13,13,13,14,14,14,15,15,16,16,17,17,18,19,20,21,22,23,23,24,26,27,30,34,37,41
13,Metropolitana,13604,Padre Hurtado,74188,0,1,1,1,2,2,3,3,4,4,5,6,7,8,9,10,11,11,13,14,15,16,16,17,18,19,20,23,24,26,27,27,28,28,30,31,32,32,33,34,35,37,38,40,42,44,50,55,59,63,66,69,72,76,79,84,91,96,101,109,117,125,128,132,135,150,167,184,202
13,Metropolitana,13605,Peñaflor,8601,0,1,1,1,2,2,3,3,4,4,5,6,7,8,9,10,12,13,13,13,15,17,18,18,18,19,20,22,23,25,26,26,28,29,31,33,35,36,38,41,44,47,49,51,54,56,62,67,70,73,76,79,81,84,87,91,98,102,107,115,123,130,137,146,155,170,187,204,222
14,Los Ríos,14101,Valdivia,176774,0,0,0,0,0,0,0,0,1,2,3,4,6,7,10,12,33,45,46,47,55,62,65,69,72,76,82,85,87,88,96,97,100,101,101,101,101,103,104,105,105,106,106,107,107,108,110,110,118,120,121,121,121,121,121,122,122,122,123,123,123,124,124,124,125,128,138,145,147
14,Los Ríos,14102,Corral,5447,0,0,0,0,0,0,0,0,0,0,0,0,0,0,0,0,0,0,0,0,0,0,0,0,0,0,0,0,0,0,1,1,1,1,1,1,1,1,1,1,1,1,1,1,1,1,1,1,1,1,1,1,1,2,2,3,3,3,5,6,7,11,11,11,11,11,11,11,11
14,Los Ríos,14103,Lanco,17652,0,0,0,0,0,0,0,0,0,0,0,0,0,0,0,0,0,1,1,1,1,2,2,2,2,2,2,2,2,2,4,4,4,4,4,4,4,4,5,5,5,5,5,5,5,5,5,5,6,7,7,7,8,9,9,9,9,9,9,9,9,9,9,9,9,9,9,9,9
14,Los Ríos,14104,Los Lagos,20518,0,0,0,0,0,0,0,0,0,0,0,0,0,0,0,0,0,0,0,0,0,0,0,0,0,0,0,0,0,0,0,0,0,0,0,0,0,0,0,0,0,0,0,0,0,0,0,0,0,0,0,0,0,0,0,0,0,0,0,0,0,0,0,0,0,0,0,0,0
14,Los Ríos,14105,Máfil,7389,0,0,0,0,0,0,0,0,0,0,0,0,0,0,0,0,0,1,1,1,1,1,1,1,1,1,1,1,1,1,1,1,1,1,1,1,1,1,2,2,2,2,2,2,2,2,2,2,2,2,2,2,2,2,2,2,2,2,2,2,2,2,2,2,2,2,3,3,3
14,Los Ríos,14106,Mariquina,23250,0,0,0,0,0,0,0,0,0,0,0,0,0,0,0,0,0,2,2,3,4,5,6,7,8,8,8,8,8,8,9,9,9,9,9,9,8,8,9,9,9,9,9,9,9,9,9,9,9,9,9,9,9,9,9,10,10,11,11,11,11,12,12,12,12,12,13,14,14
14,Los Ríos,14107,Paillaco,20798,0,0,0,0,0,0,0,0,0,0,0,0,0,0,0,0,0,1,1,1,1,1,1,1,1,1,1,1,1,1,1,1,1,1,1,1,1,1,2,2,2,2,2,2,2,2,2,2,2,2,1,1,1,1,1,1,1,1,1,1,1,1,1,1,1,1,3,4,4
14,Los Ríos,14108,Panguipulli,35991,0,0,0,0,0,0,0,0,0,0,0,0,0,0,0,0,0,0,0,0,0,0,0,0,0,0,0,0,0,2,2,0,0,0,0,0,1,1,1,1,0,0,0,0,0,0,0,0,0,0,0,0,0,0,0,0,0,0,0,0,0,0,0,0,1,1,2,3,3
14,Los Ríos,14201,La Unión,39538,0,0,0,0,0,0,0,0,0,0,0,0,0,0,0,0,0,9,9,10,13,16,17,18,18,18,18,18,18,18,22,23,23,23,23,23,21,24,26,27,27,28,28,29,29,30,32,32,37,38,39,39,39,40,40,40,40,40,40,40,40,40,40,40,41,41,42,42,42
14,Los Ríos,14202,Futrono,15261,0,0,0,0,0,0,0,0,0,0,0,0,0,0,0,0,0,2,2,2,3,4,5,5,5,5,5,5,5,5,5,5,5,5,5,5,5,5,5,5,5,5,5,5,5,5,5,5,5,5,5,5,5,5,5,5,5,5,5,5,5,5,5,5,7,8,12,14,15
14,Los Ríos,14203,Lago Ranco,10292,0,0,0,0,0,0,0,0,0,0,0,0,0,0,0,0,0,1,1,1,1,2,2,2,2,2,2,2,2,2,2,2,2,2,2,2,2,2,2,2,2,2,2,2,2,2,2,2,2,2,2,2,2,2,2,2,2,2,2,2,2,2,2,2,2,2,2,2,2
14,Los Ríos,14204,Río Bueno,32925,0,0,0,0,0,0,0,0,0,0,0,0,0,0,0,0,0,2,2,2,3,4,5,5,5,5,5,7,9,10,10,7,7,7,8,9,11,11,11,11,10,11,11,11,11,11,13,13,13,13,13,13,13,13,12,12,12,12,12,12,12,12,12,12,12,12,13,13,13
15,Arica y Parinacota,15101,Arica,247552,0,0,0,0,1,1,1,2,2,2,2,3,3,3,4,6,6,6,7,12,12,28,41,53,63,75,87,107,115,115,120,124,129,134,143,147,166,173,180,202,224,235,247,270,273,276,282,297,309,310,310,317,320,326,328,338,341,353,353,361,365,371,381,382,405,429,431,459,477
15,Arica y Parinacota,15102,Camarones,1233,0,0,0,0,0,0,0,0,0,0,0,0,0,0,0,0,0,0,0,0,0,0,0,0,0,0,0,0,0,0,0,0,0,0,0,0,0,0,0,0,0,0,0,0,0,0,0,0,0,0,0,0,0,0,0,0,0,0,0,0,0,0,0,0,0,0,0,0,0
15,Arica y Parinacota,15201,Putre,2515,0,0,0,0,0,0,0,0,0,0,0,0,0,0,0,0,0,0,0,0,0,0,0,0,0,0,0,0,0,0,0,0,0,0,0,0,0,0,0,0,0,0,0,0,0,0,0,0,0,0,0,0,0,0,0,0,0,0,0,0,0,0,0,0,0,0,0,0,0
15,Arica y Parinacota,15202,General Lagos,810,0,0,0,0,0,0,0,0,0,0,0,0,0,0,0,0,0,0,0,0,0,0,0,0,0,0,0,0,0,0,0,0,0,0,0,0,0,0,0,0,0,0,0,0,0,0,0,0,0,0,0,0,0,0,0,0,0,0,0,0,0,0,0,0,0,0,0,0,0
16,Ñuble,16101,Chillán,198624,2,6,13,13,14,22,29,32,40,52,55,57,72,86,98,114,145,173,222,240,255,267,291,311,327,332,342,350,353,355,360,373,376,387,390,393,395,399,404,407,411,411,411,405,407,412,414,414,414,415,415,416,417,418,418,422,428,429,432,435,437,444,462,472,493,494,501,504,505
16,Ñuble,16102,Bulnes,22607,0,1,1,1,1,2,3,3,4,6,6,6,8,9,10,12,15,18,28,32,33,34,36,41,45,46,48,48,48,48,48,48,48,48,50,52,54,55,57,58,59,59,59,60,60,61,62,62,66,71,72,73,75,76,77,78,80,80,85,90,94,108,117,122,132,132,136,137,138
16,Ñuble,16103,Chillán Viejo,33827,0,1,1,1,2,2,3,4,5,6,6,6,8,10,11,13,18,22,25,26,27,28,30,32,34,36,40,42,43,44,44,45,45,45,46,48,49,50,51,51,52,53,54,55,55,55,55,55,55,55,55,55,55,55,55,56,57,57,58,59,59,61,63,64,67,67,70,71,72
16,Ñuble,16104,El Carmen,12334,0,0,0,0,0,0,0,0,0,0,0,0,0,0,0,0,0,2,2,2,2,2,2,3,3,3,3,3,3,3,3,3,3,3,3,3,3,3,3,3,3,3,3,3,3,3,3,3,3,3,3,3,3,3,3,3,4,4,4,4,4,4,4,4,5,5,6,6,6
16,Ñuble,16105,Pemuco,8639,0,0,0,0,0,0,0,0,0,0,0,0,0,0,0,0,0,0,0,0,0,0,2,3,3,3,3,4,4,4,4,4,4,4,4,5,5,5,5,5,5,5,5,6,6,6,6,6,6,6,6,6,6,6,6,6,7,7,7,7,7,9,9,9,10,10,10,10,10
16,Ñuble,16106,Pinto,11880,0,0,0,0,0,0,0,0,0,0,0,0,0,0,0,0,0,2,5,6,7,8,9,10,10,10,10,10,10,10,10,10,10,10,10,11,11,11,11,11,11,11,11,12,12,12,12,12,12,12,12,12,12,12,12,12,12,12,12,12,12,12,13,13,14,14,16,17,17
16,Ñuble,16107,Quillón,18777,0,0,0,0,0,1,1,1,1,2,2,2,3,3,3,4,6,7,13,15,16,16,17,20,22,22,22,23,23,23,23,23,23,24,25,26,26,26,26,26,26,27,27,28,28,29,30,30,31,32,32,32,32,32,32,32,33,33,33,33,33,33,35,36,39,39,39,39,39
16,Ñuble,16108,San Ignacio,16624,0,0,0,0,0,0,0,0,0,0,0,0,0,0,0,0,0,1,2,3,4,5,6,6,6,6,6,6,6,6,6,4,4,4,4,4,4,4,4,4,5,5,5,6,6,7,8,8,9,10,10,10,10,11,11,11,11,11,11,11,11,11,12,13,14,14,14,14,14
16,Ñuble,16109,Yungay,18596,0,0,0,0,0,0,0,0,0,0,0,0,0,0,0,0,0,7,9,10,15,19,26,32,37,37,38,40,41,42,42,42,43,45,45,46,46,46,46,46,46,47,47,48,49,51,52,52,53,55,55,55,55,55,55,55,55,55,55,55,55,57,57,57,58,58,59,59,59
16,Ñuble,16201,Quirihue,12192,0,0,0,0,0,0,0,0,0,0,0,0,0,0,0,0,0,0,0,0,0,0,1,3,4,4,4,4,4,4,4,2,2,3,3,3,3,3,3,3,4,4,4,4,4,4,4,4,4,4,4,4,4,4,4,5,8,8,9,10,10,12,13,14,16,16,16,16,16
16,Ñuble,16202,Cobquecura,5275,0,0,0,0,0,0,0,0,0,0,0,0,0,0,0,0,0,0,0,0,0,0,0,0,0,0,0,0,0,0,0,0,0,0,0,0,0,0,0,0,0,0,0,0,0,0,0,0,0,0,0,0,0,0,0,0,0,0,0,0,0,0,0,0,0,0,0,0,0
16,Ñuble,16203,Coelemu,16845,0,0,0,0,0,0,0,0,0,0,0,0,0,0,0,0,0,1,2,2,2,2,3,4,4,4,4,4,4,4,4,4,4,4,4,4,4,4,4,4,4,4,4,4,4,4,4,4,4,4,4,4,4,4,4,4,4,4,4,4,4,4,4,4,5,5,6,6,6
16,Ñuble,16204,Ninhue,5414,0,0,0,0,0,0,0,0,0,0,0,0,0,0,0,0,0,0,0,0,0,0,0,0,1,1,1,2,2,2,2,3,3,3,3,4,4,4,4,4,4,4,4,4,4,4,4,4,4,4,4,4,4,4,4,4,4,4,4,4,4,4,4,4,5,5,5,5,5
16,Ñuble,16205,Portezuelo,4940,0,0,0,0,0,0,0,0,0,0,0,0,0,0,0,0,0,0,0,0,0,0,0,0,0,0,0,0,0,1,1,0,0,0,0,0,0,0,0,0,0,0,0,0,0,0,0,0,0,0,0,0,0,0,0,0,0,0,0,0,0,2,3,3,4,4,6,7,7
16,Ñuble,16206,Ránquil,6261,0,0,0,0,0,0,0,0,0,0,0,0,0,0,0,0,0,1,4,5,6,6,7,8,9,9,9,10,10,10,10,9,9,9,9,9,9,9,9,9,9,9,9,10,10,10,10,10,10,10,10,10,10,10,10,10,10,10,10,10,10,10,10,10,10,10,10,10,10
16,Ñuble,16207,Treguaco,5696,0,0,0,0,0,0,0,0,0,0,0,0,0,0,0,0,0,0,0,0,0,0,0,0,0,0,0,0,0,0,0,0,0,0,0,0,0,0,0,0,0,0,0,0,0,0,0,0,0,0,0,0,0,0,0,0,0,0,0,0,0,0,0,0,0,0,0,0,0
16,Ñuble,16301,San Carlos,56252,0,0,1,1,1,2,2,2,3,4,4,4,5,6,7,8,11,13,13,13,15,16,19,24,28,28,29,30,31,31,31,31,31,31,31,32,32,33,33,33,34,34,34,34,34,35,35,35,35,36,36,36,36,37,37,39,42,42,43,44,44,46,47,47,48,48,50,51,52
16,Ñuble,16302,Coihueco,28375,0,0,0,0,0,0,0,0,0,0,0,0,0,0,0,0,0,3,3,3,4,5,6,7,7,7,8,10,11,11,11,11,12,14,16,19,21,22,23,23,24,24,24,25,28,36,40,40,41,42,42,42,42,42,42,42,42,42,43,43,43,45,47,48,50,50,50,50,50
16,Ñuble,16303,Ñiquén,23490,0,0,0,0,0,0,0,0,0,0,0,0,0,0,0,0,0,0,0,0,0,0,0,0,2,2,2,2,2,2,2,2,2,2,2,3,3,3,3,3,3,3,3,3,3,3,3,3,3,3,3,3,3,3,3,3,3,3,3,3,3,3,3,3,3,3,4,4,4
16,Ñuble,16304,San Fabián,4654,0,0,0,0,0,0,0,0,0,0,0,0,0,0,0,0,0,5,6,6,6,6,6,6,6,6,6,6,6,6,6,6,6,6,6,6,6,6,6,6,7,7,7,8,8,8,8,8,8,8,8,8,8,8,8,8,8,8,8,8,8,8,8,8,8,8,8,8,8
16,Ñuble,16305,San Nicolás,12172,0,0,0,0,0,0,0,0,0,0,0,0,0,0,0,0,0,2,3,4,6,7,10,11,11,11,12,12,12,12,13,14,14,14,14,14,14,14,14,14,14,15,15,16,16,16,16,16,16,16,14,14,14,15,15,15,15,15,15,15,15,17,17,17,17,17,18,19,19